[2025-02-20 16:14:23] production.ERROR: Class "Laravel\Sanctum\Sanctum" not found {"exception":"[object] (Error(code: 0): Class \"Laravel\\Sanctum\\Sanctum\" not found at C:\\Users\\krist\\Documents\\PHP\\bosservice-laravel\\config\\sanctum.php:21)
[stacktrace]
#0 C:\\Users\\krist\\Documents\\PHP\\bosservice-laravel\\vendor\\laravel\\framework\\src\\Illuminate\\Foundation\\Bootstrap\\LoadConfiguration.php(72): require()
#1 C:\\Users\\krist\\Documents\\PHP\\bosservice-laravel\\vendor\\laravel\\framework\\src\\Illuminate\\Foundation\\Bootstrap\\LoadConfiguration.php(39): Illuminate\\Foundation\\Bootstrap\\LoadConfiguration->loadConfigurationFiles()
#2 C:\\Users\\krist\\Documents\\PHP\\bosservice-laravel\\vendor\\laravel\\framework\\src\\Illuminate\\Foundation\\Application.php(237): Illuminate\\Foundation\\Bootstrap\\LoadConfiguration->bootstrap()
#3 C:\\Users\\krist\\Documents\\PHP\\bosservice-laravel\\vendor\\laravel\\framework\\src\\Illuminate\\Foundation\\Console\\Kernel.php(310): Illuminate\\Foundation\\Application->bootstrapWith()
#4 C:\\Users\\krist\\Documents\\PHP\\bosservice-laravel\\vendor\\laravel\\framework\\src\\Illuminate\\Foundation\\Console\\Kernel.php(127): Illuminate\\Foundation\\Console\\Kernel->bootstrap()
#5 C:\\Users\\krist\\Documents\\PHP\\bosservice-laravel\\artisan(11): Illuminate\\Foundation\\Console\\Kernel->handle()
#6 {main}
"} 
[2025-02-20 16:14:24] production.ERROR: Class "Laravel\Sanctum\Sanctum" not found {"exception":"[object] (Error(code: 0): Class \"Laravel\\Sanctum\\Sanctum\" not found at C:\\Users\\krist\\Documents\\PHP\\bosservice-laravel\\config\\sanctum.php:21)
[stacktrace]
#0 C:\\Users\\krist\\Documents\\PHP\\bosservice-laravel\\vendor\\laravel\\framework\\src\\Illuminate\\Foundation\\Bootstrap\\LoadConfiguration.php(72): require()
#1 C:\\Users\\krist\\Documents\\PHP\\bosservice-laravel\\vendor\\laravel\\framework\\src\\Illuminate\\Foundation\\Bootstrap\\LoadConfiguration.php(39): Illuminate\\Foundation\\Bootstrap\\LoadConfiguration->loadConfigurationFiles()
#2 C:\\Users\\krist\\Documents\\PHP\\bosservice-laravel\\vendor\\laravel\\framework\\src\\Illuminate\\Foundation\\Application.php(237): Illuminate\\Foundation\\Bootstrap\\LoadConfiguration->bootstrap()
#3 C:\\Users\\krist\\Documents\\PHP\\bosservice-laravel\\vendor\\laravel\\framework\\src\\Illuminate\\Foundation\\Console\\Kernel.php(310): Illuminate\\Foundation\\Application->bootstrapWith()
#4 C:\\Users\\krist\\Documents\\PHP\\bosservice-laravel\\vendor\\laravel\\framework\\src\\Illuminate\\Foundation\\Console\\Kernel.php(127): Illuminate\\Foundation\\Console\\Kernel->bootstrap()
#5 C:\\Users\\krist\\Documents\\PHP\\bosservice-laravel\\artisan(11): Illuminate\\Foundation\\Console\\Kernel->handle()
#6 {main}
"} 
[2025-02-20 16:14:54] production.ERROR: Target class [view.engine.resolver] does not exist. {"exception":"[object] (Illuminate\\Contracts\\Container\\BindingResolutionException(code: 0): Target class [view.engine.resolver] does not exist. at C:\\Users\\krist\\Documents\\PHP\\bosservice-laravel\\vendor\\laravel\\framework\\src\\Illuminate\\Container\\Container.php:879)
[stacktrace]
#0 C:\\Users\\krist\\Documents\\PHP\\bosservice-laravel\\vendor\\laravel\\framework\\src\\Illuminate\\Container\\Container.php(758): Illuminate\\Container\\Container->build()
#1 C:\\Users\\krist\\Documents\\PHP\\bosservice-laravel\\vendor\\laravel\\framework\\src\\Illuminate\\Foundation\\Application.php(853): Illuminate\\Container\\Container->resolve()
#2 C:\\Users\\krist\\Documents\\PHP\\bosservice-laravel\\vendor\\laravel\\framework\\src\\Illuminate\\Container\\Container.php(694): Illuminate\\Foundation\\Application->resolve()
#3 C:\\Users\\krist\\Documents\\PHP\\bosservice-laravel\\vendor\\laravel\\framework\\src\\Illuminate\\Foundation\\Application.php(838): Illuminate\\Container\\Container->make()
#4 C:\\Users\\krist\\Documents\\PHP\\bosservice-laravel\\vendor\\facade\\ignition\\src\\IgnitionServiceProvider.php(461): Illuminate\\Foundation\\Application->make()
#5 C:\\Users\\krist\\Documents\\PHP\\bosservice-laravel\\vendor\\facade\\ignition\\src\\IgnitionServiceProvider.php(158): Facade\\Ignition\\IgnitionServiceProvider->hasCustomViewEnginesRegistered()
#6 C:\\Users\\krist\\Documents\\PHP\\bosservice-laravel\\vendor\\facade\\ignition\\src\\IgnitionServiceProvider.php(101): Facade\\Ignition\\IgnitionServiceProvider->registerViewEngines()
#7 C:\\Users\\krist\\Documents\\PHP\\bosservice-laravel\\vendor\\laravel\\framework\\src\\Illuminate\\Container\\BoundMethod.php(36): Facade\\Ignition\\IgnitionServiceProvider->boot()
#8 C:\\Users\\krist\\Documents\\PHP\\bosservice-laravel\\vendor\\laravel\\framework\\src\\Illuminate\\Container\\Util.php(40): Illuminate\\Container\\BoundMethod::Illuminate\\Container\\{closure}()
#9 C:\\Users\\krist\\Documents\\PHP\\bosservice-laravel\\vendor\\laravel\\framework\\src\\Illuminate\\Container\\BoundMethod.php(93): Illuminate\\Container\\Util::unwrapIfClosure()
#10 C:\\Users\\krist\\Documents\\PHP\\bosservice-laravel\\vendor\\laravel\\framework\\src\\Illuminate\\Container\\BoundMethod.php(35): Illuminate\\Container\\BoundMethod::callBoundMethod()
#11 C:\\Users\\krist\\Documents\\PHP\\bosservice-laravel\\vendor\\laravel\\framework\\src\\Illuminate\\Container\\Container.php(653): Illuminate\\Container\\BoundMethod::call()
#12 C:\\Users\\krist\\Documents\\PHP\\bosservice-laravel\\vendor\\laravel\\framework\\src\\Illuminate\\Foundation\\Application.php(926): Illuminate\\Container\\Container->call()
#13 C:\\Users\\krist\\Documents\\PHP\\bosservice-laravel\\vendor\\laravel\\framework\\src\\Illuminate\\Foundation\\Application.php(907): Illuminate\\Foundation\\Application->bootProvider()
#14 [internal function]: Illuminate\\Foundation\\Application->Illuminate\\Foundation\\{closure}()
#15 C:\\Users\\krist\\Documents\\PHP\\bosservice-laravel\\vendor\\laravel\\framework\\src\\Illuminate\\Foundation\\Application.php(906): array_walk()
#16 C:\\Users\\krist\\Documents\\PHP\\bosservice-laravel\\vendor\\laravel\\framework\\src\\Illuminate\\Foundation\\Bootstrap\\BootProviders.php(17): Illuminate\\Foundation\\Application->boot()
#17 C:\\Users\\krist\\Documents\\PHP\\bosservice-laravel\\vendor\\laravel\\framework\\src\\Illuminate\\Foundation\\Application.php(237): Illuminate\\Foundation\\Bootstrap\\BootProviders->bootstrap()
#18 C:\\Users\\krist\\Documents\\PHP\\bosservice-laravel\\vendor\\laravel\\framework\\src\\Illuminate\\Foundation\\Console\\Kernel.php(310): Illuminate\\Foundation\\Application->bootstrapWith()
#19 C:\\Users\\krist\\Documents\\PHP\\bosservice-laravel\\vendor\\laravel\\framework\\src\\Illuminate\\Foundation\\Console\\Kernel.php(127): Illuminate\\Foundation\\Console\\Kernel->bootstrap()
#20 C:\\Users\\krist\\Documents\\PHP\\bosservice-laravel\\artisan(11): Illuminate\\Foundation\\Console\\Kernel->handle()
#21 {main}

[previous exception] [object] (ReflectionException(code: -1): Class \"view.engine.resolver\" does not exist at C:\\Users\\krist\\Documents\\PHP\\bosservice-laravel\\vendor\\laravel\\framework\\src\\Illuminate\\Container\\Container.php:877)
[stacktrace]
#0 C:\\Users\\krist\\Documents\\PHP\\bosservice-laravel\\vendor\\laravel\\framework\\src\\Illuminate\\Container\\Container.php(877): ReflectionClass->__construct()
#1 C:\\Users\\krist\\Documents\\PHP\\bosservice-laravel\\vendor\\laravel\\framework\\src\\Illuminate\\Container\\Container.php(758): Illuminate\\Container\\Container->build()
#2 C:\\Users\\krist\\Documents\\PHP\\bosservice-laravel\\vendor\\laravel\\framework\\src\\Illuminate\\Foundation\\Application.php(853): Illuminate\\Container\\Container->resolve()
#3 C:\\Users\\krist\\Documents\\PHP\\bosservice-laravel\\vendor\\laravel\\framework\\src\\Illuminate\\Container\\Container.php(694): Illuminate\\Foundation\\Application->resolve()
#4 C:\\Users\\krist\\Documents\\PHP\\bosservice-laravel\\vendor\\laravel\\framework\\src\\Illuminate\\Foundation\\Application.php(838): Illuminate\\Container\\Container->make()
#5 C:\\Users\\krist\\Documents\\PHP\\bosservice-laravel\\vendor\\facade\\ignition\\src\\IgnitionServiceProvider.php(461): Illuminate\\Foundation\\Application->make()
#6 C:\\Users\\krist\\Documents\\PHP\\bosservice-laravel\\vendor\\facade\\ignition\\src\\IgnitionServiceProvider.php(158): Facade\\Ignition\\IgnitionServiceProvider->hasCustomViewEnginesRegistered()
#7 C:\\Users\\krist\\Documents\\PHP\\bosservice-laravel\\vendor\\facade\\ignition\\src\\IgnitionServiceProvider.php(101): Facade\\Ignition\\IgnitionServiceProvider->registerViewEngines()
#8 C:\\Users\\krist\\Documents\\PHP\\bosservice-laravel\\vendor\\laravel\\framework\\src\\Illuminate\\Container\\BoundMethod.php(36): Facade\\Ignition\\IgnitionServiceProvider->boot()
#9 C:\\Users\\krist\\Documents\\PHP\\bosservice-laravel\\vendor\\laravel\\framework\\src\\Illuminate\\Container\\Util.php(40): Illuminate\\Container\\BoundMethod::Illuminate\\Container\\{closure}()
#10 C:\\Users\\krist\\Documents\\PHP\\bosservice-laravel\\vendor\\laravel\\framework\\src\\Illuminate\\Container\\BoundMethod.php(93): Illuminate\\Container\\Util::unwrapIfClosure()
#11 C:\\Users\\krist\\Documents\\PHP\\bosservice-laravel\\vendor\\laravel\\framework\\src\\Illuminate\\Container\\BoundMethod.php(35): Illuminate\\Container\\BoundMethod::callBoundMethod()
#12 C:\\Users\\krist\\Documents\\PHP\\bosservice-laravel\\vendor\\laravel\\framework\\src\\Illuminate\\Container\\Container.php(653): Illuminate\\Container\\BoundMethod::call()
#13 C:\\Users\\krist\\Documents\\PHP\\bosservice-laravel\\vendor\\laravel\\framework\\src\\Illuminate\\Foundation\\Application.php(926): Illuminate\\Container\\Container->call()
#14 C:\\Users\\krist\\Documents\\PHP\\bosservice-laravel\\vendor\\laravel\\framework\\src\\Illuminate\\Foundation\\Application.php(907): Illuminate\\Foundation\\Application->bootProvider()
#15 [internal function]: Illuminate\\Foundation\\Application->Illuminate\\Foundation\\{closure}()
#16 C:\\Users\\krist\\Documents\\PHP\\bosservice-laravel\\vendor\\laravel\\framework\\src\\Illuminate\\Foundation\\Application.php(906): array_walk()
#17 C:\\Users\\krist\\Documents\\PHP\\bosservice-laravel\\vendor\\laravel\\framework\\src\\Illuminate\\Foundation\\Bootstrap\\BootProviders.php(17): Illuminate\\Foundation\\Application->boot()
#18 C:\\Users\\krist\\Documents\\PHP\\bosservice-laravel\\vendor\\laravel\\framework\\src\\Illuminate\\Foundation\\Application.php(237): Illuminate\\Foundation\\Bootstrap\\BootProviders->bootstrap()
#19 C:\\Users\\krist\\Documents\\PHP\\bosservice-laravel\\vendor\\laravel\\framework\\src\\Illuminate\\Foundation\\Console\\Kernel.php(310): Illuminate\\Foundation\\Application->bootstrapWith()
#20 C:\\Users\\krist\\Documents\\PHP\\bosservice-laravel\\vendor\\laravel\\framework\\src\\Illuminate\\Foundation\\Console\\Kernel.php(127): Illuminate\\Foundation\\Console\\Kernel->bootstrap()
#21 C:\\Users\\krist\\Documents\\PHP\\bosservice-laravel\\artisan(11): Illuminate\\Foundation\\Console\\Kernel->handle()
#22 {main}
"} 
[2025-02-20 16:15:00] production.ERROR: Target class [view.engine.resolver] does not exist. {"exception":"[object] (Illuminate\\Contracts\\Container\\BindingResolutionException(code: 0): Target class [view.engine.resolver] does not exist. at C:\\Users\\krist\\Documents\\PHP\\bosservice-laravel\\vendor\\laravel\\framework\\src\\Illuminate\\Container\\Container.php:879)
[stacktrace]
#0 C:\\Users\\krist\\Documents\\PHP\\bosservice-laravel\\vendor\\laravel\\framework\\src\\Illuminate\\Container\\Container.php(758): Illuminate\\Container\\Container->build()
#1 C:\\Users\\krist\\Documents\\PHP\\bosservice-laravel\\vendor\\laravel\\framework\\src\\Illuminate\\Foundation\\Application.php(853): Illuminate\\Container\\Container->resolve()
#2 C:\\Users\\krist\\Documents\\PHP\\bosservice-laravel\\vendor\\laravel\\framework\\src\\Illuminate\\Container\\Container.php(694): Illuminate\\Foundation\\Application->resolve()
#3 C:\\Users\\krist\\Documents\\PHP\\bosservice-laravel\\vendor\\laravel\\framework\\src\\Illuminate\\Foundation\\Application.php(838): Illuminate\\Container\\Container->make()
#4 C:\\Users\\krist\\Documents\\PHP\\bosservice-laravel\\vendor\\facade\\ignition\\src\\IgnitionServiceProvider.php(461): Illuminate\\Foundation\\Application->make()
#5 C:\\Users\\krist\\Documents\\PHP\\bosservice-laravel\\vendor\\facade\\ignition\\src\\IgnitionServiceProvider.php(158): Facade\\Ignition\\IgnitionServiceProvider->hasCustomViewEnginesRegistered()
#6 C:\\Users\\krist\\Documents\\PHP\\bosservice-laravel\\vendor\\facade\\ignition\\src\\IgnitionServiceProvider.php(101): Facade\\Ignition\\IgnitionServiceProvider->registerViewEngines()
#7 C:\\Users\\krist\\Documents\\PHP\\bosservice-laravel\\vendor\\laravel\\framework\\src\\Illuminate\\Container\\BoundMethod.php(36): Facade\\Ignition\\IgnitionServiceProvider->boot()
#8 C:\\Users\\krist\\Documents\\PHP\\bosservice-laravel\\vendor\\laravel\\framework\\src\\Illuminate\\Container\\Util.php(40): Illuminate\\Container\\BoundMethod::Illuminate\\Container\\{closure}()
#9 C:\\Users\\krist\\Documents\\PHP\\bosservice-laravel\\vendor\\laravel\\framework\\src\\Illuminate\\Container\\BoundMethod.php(93): Illuminate\\Container\\Util::unwrapIfClosure()
#10 C:\\Users\\krist\\Documents\\PHP\\bosservice-laravel\\vendor\\laravel\\framework\\src\\Illuminate\\Container\\BoundMethod.php(35): Illuminate\\Container\\BoundMethod::callBoundMethod()
#11 C:\\Users\\krist\\Documents\\PHP\\bosservice-laravel\\vendor\\laravel\\framework\\src\\Illuminate\\Container\\Container.php(653): Illuminate\\Container\\BoundMethod::call()
#12 C:\\Users\\krist\\Documents\\PHP\\bosservice-laravel\\vendor\\laravel\\framework\\src\\Illuminate\\Foundation\\Application.php(926): Illuminate\\Container\\Container->call()
#13 C:\\Users\\krist\\Documents\\PHP\\bosservice-laravel\\vendor\\laravel\\framework\\src\\Illuminate\\Foundation\\Application.php(907): Illuminate\\Foundation\\Application->bootProvider()
#14 [internal function]: Illuminate\\Foundation\\Application->Illuminate\\Foundation\\{closure}()
#15 C:\\Users\\krist\\Documents\\PHP\\bosservice-laravel\\vendor\\laravel\\framework\\src\\Illuminate\\Foundation\\Application.php(906): array_walk()
#16 C:\\Users\\krist\\Documents\\PHP\\bosservice-laravel\\vendor\\laravel\\framework\\src\\Illuminate\\Foundation\\Bootstrap\\BootProviders.php(17): Illuminate\\Foundation\\Application->boot()
#17 C:\\Users\\krist\\Documents\\PHP\\bosservice-laravel\\vendor\\laravel\\framework\\src\\Illuminate\\Foundation\\Application.php(237): Illuminate\\Foundation\\Bootstrap\\BootProviders->bootstrap()
#18 C:\\Users\\krist\\Documents\\PHP\\bosservice-laravel\\vendor\\laravel\\framework\\src\\Illuminate\\Foundation\\Console\\Kernel.php(310): Illuminate\\Foundation\\Application->bootstrapWith()
#19 C:\\Users\\krist\\Documents\\PHP\\bosservice-laravel\\vendor\\laravel\\framework\\src\\Illuminate\\Foundation\\Console\\Kernel.php(127): Illuminate\\Foundation\\Console\\Kernel->bootstrap()
#20 C:\\Users\\krist\\Documents\\PHP\\bosservice-laravel\\artisan(11): Illuminate\\Foundation\\Console\\Kernel->handle()
#21 {main}

[previous exception] [object] (ReflectionException(code: -1): Class \"view.engine.resolver\" does not exist at C:\\Users\\krist\\Documents\\PHP\\bosservice-laravel\\vendor\\laravel\\framework\\src\\Illuminate\\Container\\Container.php:877)
[stacktrace]
#0 C:\\Users\\krist\\Documents\\PHP\\bosservice-laravel\\vendor\\laravel\\framework\\src\\Illuminate\\Container\\Container.php(877): ReflectionClass->__construct()
#1 C:\\Users\\krist\\Documents\\PHP\\bosservice-laravel\\vendor\\laravel\\framework\\src\\Illuminate\\Container\\Container.php(758): Illuminate\\Container\\Container->build()
#2 C:\\Users\\krist\\Documents\\PHP\\bosservice-laravel\\vendor\\laravel\\framework\\src\\Illuminate\\Foundation\\Application.php(853): Illuminate\\Container\\Container->resolve()
#3 C:\\Users\\krist\\Documents\\PHP\\bosservice-laravel\\vendor\\laravel\\framework\\src\\Illuminate\\Container\\Container.php(694): Illuminate\\Foundation\\Application->resolve()
#4 C:\\Users\\krist\\Documents\\PHP\\bosservice-laravel\\vendor\\laravel\\framework\\src\\Illuminate\\Foundation\\Application.php(838): Illuminate\\Container\\Container->make()
#5 C:\\Users\\krist\\Documents\\PHP\\bosservice-laravel\\vendor\\facade\\ignition\\src\\IgnitionServiceProvider.php(461): Illuminate\\Foundation\\Application->make()
#6 C:\\Users\\krist\\Documents\\PHP\\bosservice-laravel\\vendor\\facade\\ignition\\src\\IgnitionServiceProvider.php(158): Facade\\Ignition\\IgnitionServiceProvider->hasCustomViewEnginesRegistered()
#7 C:\\Users\\krist\\Documents\\PHP\\bosservice-laravel\\vendor\\facade\\ignition\\src\\IgnitionServiceProvider.php(101): Facade\\Ignition\\IgnitionServiceProvider->registerViewEngines()
#8 C:\\Users\\krist\\Documents\\PHP\\bosservice-laravel\\vendor\\laravel\\framework\\src\\Illuminate\\Container\\BoundMethod.php(36): Facade\\Ignition\\IgnitionServiceProvider->boot()
#9 C:\\Users\\krist\\Documents\\PHP\\bosservice-laravel\\vendor\\laravel\\framework\\src\\Illuminate\\Container\\Util.php(40): Illuminate\\Container\\BoundMethod::Illuminate\\Container\\{closure}()
#10 C:\\Users\\krist\\Documents\\PHP\\bosservice-laravel\\vendor\\laravel\\framework\\src\\Illuminate\\Container\\BoundMethod.php(93): Illuminate\\Container\\Util::unwrapIfClosure()
#11 C:\\Users\\krist\\Documents\\PHP\\bosservice-laravel\\vendor\\laravel\\framework\\src\\Illuminate\\Container\\BoundMethod.php(35): Illuminate\\Container\\BoundMethod::callBoundMethod()
#12 C:\\Users\\krist\\Documents\\PHP\\bosservice-laravel\\vendor\\laravel\\framework\\src\\Illuminate\\Container\\Container.php(653): Illuminate\\Container\\BoundMethod::call()
#13 C:\\Users\\krist\\Documents\\PHP\\bosservice-laravel\\vendor\\laravel\\framework\\src\\Illuminate\\Foundation\\Application.php(926): Illuminate\\Container\\Container->call()
#14 C:\\Users\\krist\\Documents\\PHP\\bosservice-laravel\\vendor\\laravel\\framework\\src\\Illuminate\\Foundation\\Application.php(907): Illuminate\\Foundation\\Application->bootProvider()
#15 [internal function]: Illuminate\\Foundation\\Application->Illuminate\\Foundation\\{closure}()
#16 C:\\Users\\krist\\Documents\\PHP\\bosservice-laravel\\vendor\\laravel\\framework\\src\\Illuminate\\Foundation\\Application.php(906): array_walk()
#17 C:\\Users\\krist\\Documents\\PHP\\bosservice-laravel\\vendor\\laravel\\framework\\src\\Illuminate\\Foundation\\Bootstrap\\BootProviders.php(17): Illuminate\\Foundation\\Application->boot()
#18 C:\\Users\\krist\\Documents\\PHP\\bosservice-laravel\\vendor\\laravel\\framework\\src\\Illuminate\\Foundation\\Application.php(237): Illuminate\\Foundation\\Bootstrap\\BootProviders->bootstrap()
#19 C:\\Users\\krist\\Documents\\PHP\\bosservice-laravel\\vendor\\laravel\\framework\\src\\Illuminate\\Foundation\\Console\\Kernel.php(310): Illuminate\\Foundation\\Application->bootstrapWith()
#20 C:\\Users\\krist\\Documents\\PHP\\bosservice-laravel\\vendor\\laravel\\framework\\src\\Illuminate\\Foundation\\Console\\Kernel.php(127): Illuminate\\Foundation\\Console\\Kernel->bootstrap()
#21 C:\\Users\\krist\\Documents\\PHP\\bosservice-laravel\\artisan(11): Illuminate\\Foundation\\Console\\Kernel->handle()
#22 {main}
"} 
[2025-02-20 16:16:48] production.ERROR: Class "App\Providers\AuthServiceProvider" not found {"exception":"[object] (Error(code: 0): Class \"App\\Providers\\AuthServiceProvider\" not found at C:\\Users\\krist\\Documents\\PHP\\bosservice-laravel\\vendor\\laravel\\framework\\src\\Illuminate\\Foundation\\ProviderRepository.php:208)
[stacktrace]
#0 C:\\Users\\krist\\Documents\\PHP\\bosservice-laravel\\vendor\\laravel\\framework\\src\\Illuminate\\Foundation\\ProviderRepository.php(144): Illuminate\\Foundation\\ProviderRepository->createProvider()
#1 C:\\Users\\krist\\Documents\\PHP\\bosservice-laravel\\vendor\\laravel\\framework\\src\\Illuminate\\Foundation\\ProviderRepository.php(61): Illuminate\\Foundation\\ProviderRepository->compileManifest()
#2 C:\\Users\\krist\\Documents\\PHP\\bosservice-laravel\\vendor\\laravel\\framework\\src\\Illuminate\\Foundation\\Application.php(661): Illuminate\\Foundation\\ProviderRepository->load()
#3 C:\\Users\\krist\\Documents\\PHP\\bosservice-laravel\\vendor\\laravel\\framework\\src\\Illuminate\\Foundation\\Bootstrap\\RegisterProviders.php(17): Illuminate\\Foundation\\Application->registerConfiguredProviders()
#4 C:\\Users\\krist\\Documents\\PHP\\bosservice-laravel\\vendor\\laravel\\framework\\src\\Illuminate\\Foundation\\Application.php(237): Illuminate\\Foundation\\Bootstrap\\RegisterProviders->bootstrap()
#5 C:\\Users\\krist\\Documents\\PHP\\bosservice-laravel\\vendor\\laravel\\framework\\src\\Illuminate\\Foundation\\Console\\Kernel.php(310): Illuminate\\Foundation\\Application->bootstrapWith()
#6 C:\\Users\\krist\\Documents\\PHP\\bosservice-laravel\\vendor\\laravel\\framework\\src\\Illuminate\\Foundation\\Console\\Kernel.php(127): Illuminate\\Foundation\\Console\\Kernel->bootstrap()
#7 C:\\Users\\krist\\Documents\\PHP\\bosservice-laravel\\artisan(11): Illuminate\\Foundation\\Console\\Kernel->handle()
#8 {main}
"} 
[2025-02-20 16:16:48] production.ERROR: Class "App\Providers\AuthServiceProvider" not found {"exception":"[object] (Error(code: 0): Class \"App\\Providers\\AuthServiceProvider\" not found at C:\\Users\\krist\\Documents\\PHP\\bosservice-laravel\\vendor\\laravel\\framework\\src\\Illuminate\\Foundation\\ProviderRepository.php:208)
[stacktrace]
#0 C:\\Users\\krist\\Documents\\PHP\\bosservice-laravel\\vendor\\laravel\\framework\\src\\Illuminate\\Foundation\\ProviderRepository.php(144): Illuminate\\Foundation\\ProviderRepository->createProvider()
#1 C:\\Users\\krist\\Documents\\PHP\\bosservice-laravel\\vendor\\laravel\\framework\\src\\Illuminate\\Foundation\\ProviderRepository.php(61): Illuminate\\Foundation\\ProviderRepository->compileManifest()
#2 C:\\Users\\krist\\Documents\\PHP\\bosservice-laravel\\vendor\\laravel\\framework\\src\\Illuminate\\Foundation\\Application.php(661): Illuminate\\Foundation\\ProviderRepository->load()
#3 C:\\Users\\krist\\Documents\\PHP\\bosservice-laravel\\vendor\\laravel\\framework\\src\\Illuminate\\Foundation\\Bootstrap\\RegisterProviders.php(17): Illuminate\\Foundation\\Application->registerConfiguredProviders()
#4 C:\\Users\\krist\\Documents\\PHP\\bosservice-laravel\\vendor\\laravel\\framework\\src\\Illuminate\\Foundation\\Application.php(237): Illuminate\\Foundation\\Bootstrap\\RegisterProviders->bootstrap()
#5 C:\\Users\\krist\\Documents\\PHP\\bosservice-laravel\\vendor\\laravel\\framework\\src\\Illuminate\\Foundation\\Console\\Kernel.php(310): Illuminate\\Foundation\\Application->bootstrapWith()
#6 C:\\Users\\krist\\Documents\\PHP\\bosservice-laravel\\vendor\\laravel\\framework\\src\\Illuminate\\Foundation\\Console\\Kernel.php(127): Illuminate\\Foundation\\Console\\Kernel->bootstrap()
#7 C:\\Users\\krist\\Documents\\PHP\\bosservice-laravel\\artisan(11): Illuminate\\Foundation\\Console\\Kernel->handle()
#8 {main}
"} 
[2025-02-20 16:16:51] production.ERROR: Class "App\Providers\AuthServiceProvider" not found {"exception":"[object] (Error(code: 0): Class \"App\\Providers\\AuthServiceProvider\" not found at C:\\Users\\krist\\Documents\\PHP\\bosservice-laravel\\vendor\\laravel\\framework\\src\\Illuminate\\Foundation\\ProviderRepository.php:208)
[stacktrace]
#0 C:\\Users\\krist\\Documents\\PHP\\bosservice-laravel\\vendor\\laravel\\framework\\src\\Illuminate\\Foundation\\ProviderRepository.php(144): Illuminate\\Foundation\\ProviderRepository->createProvider()
#1 C:\\Users\\krist\\Documents\\PHP\\bosservice-laravel\\vendor\\laravel\\framework\\src\\Illuminate\\Foundation\\ProviderRepository.php(61): Illuminate\\Foundation\\ProviderRepository->compileManifest()
#2 C:\\Users\\krist\\Documents\\PHP\\bosservice-laravel\\vendor\\laravel\\framework\\src\\Illuminate\\Foundation\\Application.php(661): Illuminate\\Foundation\\ProviderRepository->load()
#3 C:\\Users\\krist\\Documents\\PHP\\bosservice-laravel\\vendor\\laravel\\framework\\src\\Illuminate\\Foundation\\Bootstrap\\RegisterProviders.php(17): Illuminate\\Foundation\\Application->registerConfiguredProviders()
#4 C:\\Users\\krist\\Documents\\PHP\\bosservice-laravel\\vendor\\laravel\\framework\\src\\Illuminate\\Foundation\\Application.php(237): Illuminate\\Foundation\\Bootstrap\\RegisterProviders->bootstrap()
#5 C:\\Users\\krist\\Documents\\PHP\\bosservice-laravel\\vendor\\laravel\\framework\\src\\Illuminate\\Foundation\\Console\\Kernel.php(310): Illuminate\\Foundation\\Application->bootstrapWith()
#6 C:\\Users\\krist\\Documents\\PHP\\bosservice-laravel\\vendor\\laravel\\framework\\src\\Illuminate\\Foundation\\Console\\Kernel.php(127): Illuminate\\Foundation\\Console\\Kernel->bootstrap()
#7 C:\\Users\\krist\\Documents\\PHP\\bosservice-laravel\\artisan(11): Illuminate\\Foundation\\Console\\Kernel->handle()
#8 {main}
"} 
[2025-02-20 16:17:49] production.ERROR: Class "App\Providers\AppServiceProvider" not found {"exception":"[object] (Error(code: 0): Class \"App\\Providers\\AppServiceProvider\" not found at C:\\Users\\krist\\Documents\\PHP\\bosservice-laravel\\vendor\\laravel\\framework\\src\\Illuminate\\Foundation\\ProviderRepository.php:208)
[stacktrace]
#0 C:\\Users\\krist\\Documents\\PHP\\bosservice-laravel\\vendor\\laravel\\framework\\src\\Illuminate\\Foundation\\ProviderRepository.php(144): Illuminate\\Foundation\\ProviderRepository->createProvider()
#1 C:\\Users\\krist\\Documents\\PHP\\bosservice-laravel\\vendor\\laravel\\framework\\src\\Illuminate\\Foundation\\ProviderRepository.php(61): Illuminate\\Foundation\\ProviderRepository->compileManifest()
#2 C:\\Users\\krist\\Documents\\PHP\\bosservice-laravel\\vendor\\laravel\\framework\\src\\Illuminate\\Foundation\\Application.php(661): Illuminate\\Foundation\\ProviderRepository->load()
#3 C:\\Users\\krist\\Documents\\PHP\\bosservice-laravel\\vendor\\laravel\\framework\\src\\Illuminate\\Foundation\\Bootstrap\\RegisterProviders.php(17): Illuminate\\Foundation\\Application->registerConfiguredProviders()
#4 C:\\Users\\krist\\Documents\\PHP\\bosservice-laravel\\vendor\\laravel\\framework\\src\\Illuminate\\Foundation\\Application.php(237): Illuminate\\Foundation\\Bootstrap\\RegisterProviders->bootstrap()
#5 C:\\Users\\krist\\Documents\\PHP\\bosservice-laravel\\vendor\\laravel\\framework\\src\\Illuminate\\Foundation\\Console\\Kernel.php(310): Illuminate\\Foundation\\Application->bootstrapWith()
#6 C:\\Users\\krist\\Documents\\PHP\\bosservice-laravel\\vendor\\laravel\\framework\\src\\Illuminate\\Foundation\\Console\\Kernel.php(127): Illuminate\\Foundation\\Console\\Kernel->bootstrap()
#7 C:\\Users\\krist\\Documents\\PHP\\bosservice-laravel\\artisan(11): Illuminate\\Foundation\\Console\\Kernel->handle()
#8 {main}
"} 
[2025-02-20 16:17:49] production.ERROR: Class "App\Providers\AppServiceProvider" not found {"exception":"[object] (Error(code: 0): Class \"App\\Providers\\AppServiceProvider\" not found at C:\\Users\\krist\\Documents\\PHP\\bosservice-laravel\\vendor\\laravel\\framework\\src\\Illuminate\\Foundation\\ProviderRepository.php:208)
[stacktrace]
#0 C:\\Users\\krist\\Documents\\PHP\\bosservice-laravel\\vendor\\laravel\\framework\\src\\Illuminate\\Foundation\\ProviderRepository.php(144): Illuminate\\Foundation\\ProviderRepository->createProvider()
#1 C:\\Users\\krist\\Documents\\PHP\\bosservice-laravel\\vendor\\laravel\\framework\\src\\Illuminate\\Foundation\\ProviderRepository.php(61): Illuminate\\Foundation\\ProviderRepository->compileManifest()
#2 C:\\Users\\krist\\Documents\\PHP\\bosservice-laravel\\vendor\\laravel\\framework\\src\\Illuminate\\Foundation\\Application.php(661): Illuminate\\Foundation\\ProviderRepository->load()
#3 C:\\Users\\krist\\Documents\\PHP\\bosservice-laravel\\vendor\\laravel\\framework\\src\\Illuminate\\Foundation\\Bootstrap\\RegisterProviders.php(17): Illuminate\\Foundation\\Application->registerConfiguredProviders()
#4 C:\\Users\\krist\\Documents\\PHP\\bosservice-laravel\\vendor\\laravel\\framework\\src\\Illuminate\\Foundation\\Application.php(237): Illuminate\\Foundation\\Bootstrap\\RegisterProviders->bootstrap()
#5 C:\\Users\\krist\\Documents\\PHP\\bosservice-laravel\\vendor\\laravel\\framework\\src\\Illuminate\\Foundation\\Console\\Kernel.php(310): Illuminate\\Foundation\\Application->bootstrapWith()
#6 C:\\Users\\krist\\Documents\\PHP\\bosservice-laravel\\vendor\\laravel\\framework\\src\\Illuminate\\Foundation\\Console\\Kernel.php(127): Illuminate\\Foundation\\Console\\Kernel->bootstrap()
#7 C:\\Users\\krist\\Documents\\PHP\\bosservice-laravel\\artisan(11): Illuminate\\Foundation\\Console\\Kernel->handle()
#8 {main}
"} 
[2025-02-20 16:18:44] production.ERROR: Class "App\Providers\AppServiceProvider" not found {"exception":"[object] (Error(code: 0): Class \"App\\Providers\\AppServiceProvider\" not found at C:\\Users\\krist\\Documents\\PHP\\bosservice-laravel\\vendor\\laravel\\framework\\src\\Illuminate\\Foundation\\ProviderRepository.php:208)
[stacktrace]
#0 C:\\Users\\krist\\Documents\\PHP\\bosservice-laravel\\vendor\\laravel\\framework\\src\\Illuminate\\Foundation\\ProviderRepository.php(144): Illuminate\\Foundation\\ProviderRepository->createProvider()
#1 C:\\Users\\krist\\Documents\\PHP\\bosservice-laravel\\vendor\\laravel\\framework\\src\\Illuminate\\Foundation\\ProviderRepository.php(61): Illuminate\\Foundation\\ProviderRepository->compileManifest()
#2 C:\\Users\\krist\\Documents\\PHP\\bosservice-laravel\\vendor\\laravel\\framework\\src\\Illuminate\\Foundation\\Application.php(661): Illuminate\\Foundation\\ProviderRepository->load()
#3 C:\\Users\\krist\\Documents\\PHP\\bosservice-laravel\\vendor\\laravel\\framework\\src\\Illuminate\\Foundation\\Bootstrap\\RegisterProviders.php(17): Illuminate\\Foundation\\Application->registerConfiguredProviders()
#4 C:\\Users\\krist\\Documents\\PHP\\bosservice-laravel\\vendor\\laravel\\framework\\src\\Illuminate\\Foundation\\Application.php(237): Illuminate\\Foundation\\Bootstrap\\RegisterProviders->bootstrap()
#5 C:\\Users\\krist\\Documents\\PHP\\bosservice-laravel\\vendor\\laravel\\framework\\src\\Illuminate\\Foundation\\Console\\Kernel.php(310): Illuminate\\Foundation\\Application->bootstrapWith()
#6 C:\\Users\\krist\\Documents\\PHP\\bosservice-laravel\\vendor\\laravel\\framework\\src\\Illuminate\\Foundation\\Console\\Kernel.php(127): Illuminate\\Foundation\\Console\\Kernel->bootstrap()
#7 C:\\Users\\krist\\Documents\\PHP\\bosservice-laravel\\artisan(11): Illuminate\\Foundation\\Console\\Kernel->handle()
#8 {main}
"} 
[2025-02-20 16:18:45] production.ERROR: Class "App\Providers\AppServiceProvider" not found {"exception":"[object] (Error(code: 0): Class \"App\\Providers\\AppServiceProvider\" not found at C:\\Users\\krist\\Documents\\PHP\\bosservice-laravel\\vendor\\laravel\\framework\\src\\Illuminate\\Foundation\\ProviderRepository.php:208)
[stacktrace]
#0 C:\\Users\\krist\\Documents\\PHP\\bosservice-laravel\\vendor\\laravel\\framework\\src\\Illuminate\\Foundation\\ProviderRepository.php(144): Illuminate\\Foundation\\ProviderRepository->createProvider()
#1 C:\\Users\\krist\\Documents\\PHP\\bosservice-laravel\\vendor\\laravel\\framework\\src\\Illuminate\\Foundation\\ProviderRepository.php(61): Illuminate\\Foundation\\ProviderRepository->compileManifest()
#2 C:\\Users\\krist\\Documents\\PHP\\bosservice-laravel\\vendor\\laravel\\framework\\src\\Illuminate\\Foundation\\Application.php(661): Illuminate\\Foundation\\ProviderRepository->load()
#3 C:\\Users\\krist\\Documents\\PHP\\bosservice-laravel\\vendor\\laravel\\framework\\src\\Illuminate\\Foundation\\Bootstrap\\RegisterProviders.php(17): Illuminate\\Foundation\\Application->registerConfiguredProviders()
#4 C:\\Users\\krist\\Documents\\PHP\\bosservice-laravel\\vendor\\laravel\\framework\\src\\Illuminate\\Foundation\\Application.php(237): Illuminate\\Foundation\\Bootstrap\\RegisterProviders->bootstrap()
#5 C:\\Users\\krist\\Documents\\PHP\\bosservice-laravel\\vendor\\laravel\\framework\\src\\Illuminate\\Foundation\\Console\\Kernel.php(310): Illuminate\\Foundation\\Application->bootstrapWith()
#6 C:\\Users\\krist\\Documents\\PHP\\bosservice-laravel\\vendor\\laravel\\framework\\src\\Illuminate\\Foundation\\Console\\Kernel.php(127): Illuminate\\Foundation\\Console\\Kernel->bootstrap()
#7 C:\\Users\\krist\\Documents\\PHP\\bosservice-laravel\\artisan(11): Illuminate\\Foundation\\Console\\Kernel->handle()
#8 {main}
"} 
[2025-02-20 16:19:08] production.ERROR: Class "App\Providers\EventServiceProvider" not found {"exception":"[object] (Error(code: 0): Class \"App\\Providers\\EventServiceProvider\" not found at C:\\Users\\krist\\Documents\\PHP\\bosservice-laravel\\vendor\\laravel\\framework\\src\\Illuminate\\Foundation\\ProviderRepository.php:208)
[stacktrace]
#0 C:\\Users\\krist\\Documents\\PHP\\bosservice-laravel\\vendor\\laravel\\framework\\src\\Illuminate\\Foundation\\ProviderRepository.php(144): Illuminate\\Foundation\\ProviderRepository->createProvider()
#1 C:\\Users\\krist\\Documents\\PHP\\bosservice-laravel\\vendor\\laravel\\framework\\src\\Illuminate\\Foundation\\ProviderRepository.php(61): Illuminate\\Foundation\\ProviderRepository->compileManifest()
#2 C:\\Users\\krist\\Documents\\PHP\\bosservice-laravel\\vendor\\laravel\\framework\\src\\Illuminate\\Foundation\\Application.php(661): Illuminate\\Foundation\\ProviderRepository->load()
#3 C:\\Users\\krist\\Documents\\PHP\\bosservice-laravel\\vendor\\laravel\\framework\\src\\Illuminate\\Foundation\\Bootstrap\\RegisterProviders.php(17): Illuminate\\Foundation\\Application->registerConfiguredProviders()
#4 C:\\Users\\krist\\Documents\\PHP\\bosservice-laravel\\vendor\\laravel\\framework\\src\\Illuminate\\Foundation\\Application.php(237): Illuminate\\Foundation\\Bootstrap\\RegisterProviders->bootstrap()
#5 C:\\Users\\krist\\Documents\\PHP\\bosservice-laravel\\vendor\\laravel\\framework\\src\\Illuminate\\Foundation\\Console\\Kernel.php(310): Illuminate\\Foundation\\Application->bootstrapWith()
#6 C:\\Users\\krist\\Documents\\PHP\\bosservice-laravel\\vendor\\laravel\\framework\\src\\Illuminate\\Foundation\\Console\\Kernel.php(127): Illuminate\\Foundation\\Console\\Kernel->bootstrap()
#7 C:\\Users\\krist\\Documents\\PHP\\bosservice-laravel\\artisan(11): Illuminate\\Foundation\\Console\\Kernel->handle()
#8 {main}
"} 
[2025-02-20 16:19:08] production.ERROR: Class "App\Providers\EventServiceProvider" not found {"exception":"[object] (Error(code: 0): Class \"App\\Providers\\EventServiceProvider\" not found at C:\\Users\\krist\\Documents\\PHP\\bosservice-laravel\\vendor\\laravel\\framework\\src\\Illuminate\\Foundation\\ProviderRepository.php:208)
[stacktrace]
#0 C:\\Users\\krist\\Documents\\PHP\\bosservice-laravel\\vendor\\laravel\\framework\\src\\Illuminate\\Foundation\\ProviderRepository.php(144): Illuminate\\Foundation\\ProviderRepository->createProvider()
#1 C:\\Users\\krist\\Documents\\PHP\\bosservice-laravel\\vendor\\laravel\\framework\\src\\Illuminate\\Foundation\\ProviderRepository.php(61): Illuminate\\Foundation\\ProviderRepository->compileManifest()
#2 C:\\Users\\krist\\Documents\\PHP\\bosservice-laravel\\vendor\\laravel\\framework\\src\\Illuminate\\Foundation\\Application.php(661): Illuminate\\Foundation\\ProviderRepository->load()
#3 C:\\Users\\krist\\Documents\\PHP\\bosservice-laravel\\vendor\\laravel\\framework\\src\\Illuminate\\Foundation\\Bootstrap\\RegisterProviders.php(17): Illuminate\\Foundation\\Application->registerConfiguredProviders()
#4 C:\\Users\\krist\\Documents\\PHP\\bosservice-laravel\\vendor\\laravel\\framework\\src\\Illuminate\\Foundation\\Application.php(237): Illuminate\\Foundation\\Bootstrap\\RegisterProviders->bootstrap()
#5 C:\\Users\\krist\\Documents\\PHP\\bosservice-laravel\\vendor\\laravel\\framework\\src\\Illuminate\\Foundation\\Console\\Kernel.php(310): Illuminate\\Foundation\\Application->bootstrapWith()
#6 C:\\Users\\krist\\Documents\\PHP\\bosservice-laravel\\vendor\\laravel\\framework\\src\\Illuminate\\Foundation\\Console\\Kernel.php(127): Illuminate\\Foundation\\Console\\Kernel->bootstrap()
#7 C:\\Users\\krist\\Documents\\PHP\\bosservice-laravel\\artisan(11): Illuminate\\Foundation\\Console\\Kernel->handle()
#8 {main}
"} 
[2025-02-20 16:19:54] production.ERROR: Class "App\Providers\RouteServiceProvider" not found {"exception":"[object] (Error(code: 0): Class \"App\\Providers\\RouteServiceProvider\" not found at C:\\Users\\krist\\Documents\\PHP\\bosservice-laravel\\vendor\\laravel\\framework\\src\\Illuminate\\Foundation\\ProviderRepository.php:208)
[stacktrace]
#0 C:\\Users\\krist\\Documents\\PHP\\bosservice-laravel\\vendor\\laravel\\framework\\src\\Illuminate\\Foundation\\ProviderRepository.php(144): Illuminate\\Foundation\\ProviderRepository->createProvider()
#1 C:\\Users\\krist\\Documents\\PHP\\bosservice-laravel\\vendor\\laravel\\framework\\src\\Illuminate\\Foundation\\ProviderRepository.php(61): Illuminate\\Foundation\\ProviderRepository->compileManifest()
#2 C:\\Users\\krist\\Documents\\PHP\\bosservice-laravel\\vendor\\laravel\\framework\\src\\Illuminate\\Foundation\\Application.php(661): Illuminate\\Foundation\\ProviderRepository->load()
#3 C:\\Users\\krist\\Documents\\PHP\\bosservice-laravel\\vendor\\laravel\\framework\\src\\Illuminate\\Foundation\\Bootstrap\\RegisterProviders.php(17): Illuminate\\Foundation\\Application->registerConfiguredProviders()
#4 C:\\Users\\krist\\Documents\\PHP\\bosservice-laravel\\vendor\\laravel\\framework\\src\\Illuminate\\Foundation\\Application.php(237): Illuminate\\Foundation\\Bootstrap\\RegisterProviders->bootstrap()
#5 C:\\Users\\krist\\Documents\\PHP\\bosservice-laravel\\vendor\\laravel\\framework\\src\\Illuminate\\Foundation\\Console\\Kernel.php(310): Illuminate\\Foundation\\Application->bootstrapWith()
#6 C:\\Users\\krist\\Documents\\PHP\\bosservice-laravel\\vendor\\laravel\\framework\\src\\Illuminate\\Foundation\\Console\\Kernel.php(127): Illuminate\\Foundation\\Console\\Kernel->bootstrap()
#7 C:\\Users\\krist\\Documents\\PHP\\bosservice-laravel\\artisan(11): Illuminate\\Foundation\\Console\\Kernel->handle()
#8 {main}
"} 
[2025-02-20 16:19:55] production.ERROR: Class "App\Providers\RouteServiceProvider" not found {"exception":"[object] (Error(code: 0): Class \"App\\Providers\\RouteServiceProvider\" not found at C:\\Users\\krist\\Documents\\PHP\\bosservice-laravel\\vendor\\laravel\\framework\\src\\Illuminate\\Foundation\\ProviderRepository.php:208)
[stacktrace]
#0 C:\\Users\\krist\\Documents\\PHP\\bosservice-laravel\\vendor\\laravel\\framework\\src\\Illuminate\\Foundation\\ProviderRepository.php(144): Illuminate\\Foundation\\ProviderRepository->createProvider()
#1 C:\\Users\\krist\\Documents\\PHP\\bosservice-laravel\\vendor\\laravel\\framework\\src\\Illuminate\\Foundation\\ProviderRepository.php(61): Illuminate\\Foundation\\ProviderRepository->compileManifest()
#2 C:\\Users\\krist\\Documents\\PHP\\bosservice-laravel\\vendor\\laravel\\framework\\src\\Illuminate\\Foundation\\Application.php(661): Illuminate\\Foundation\\ProviderRepository->load()
#3 C:\\Users\\krist\\Documents\\PHP\\bosservice-laravel\\vendor\\laravel\\framework\\src\\Illuminate\\Foundation\\Bootstrap\\RegisterProviders.php(17): Illuminate\\Foundation\\Application->registerConfiguredProviders()
#4 C:\\Users\\krist\\Documents\\PHP\\bosservice-laravel\\vendor\\laravel\\framework\\src\\Illuminate\\Foundation\\Application.php(237): Illuminate\\Foundation\\Bootstrap\\RegisterProviders->bootstrap()
#5 C:\\Users\\krist\\Documents\\PHP\\bosservice-laravel\\vendor\\laravel\\framework\\src\\Illuminate\\Foundation\\Console\\Kernel.php(310): Illuminate\\Foundation\\Application->bootstrapWith()
#6 C:\\Users\\krist\\Documents\\PHP\\bosservice-laravel\\vendor\\laravel\\framework\\src\\Illuminate\\Foundation\\Console\\Kernel.php(127): Illuminate\\Foundation\\Console\\Kernel->bootstrap()
#7 C:\\Users\\krist\\Documents\\PHP\\bosservice-laravel\\artisan(11): Illuminate\\Foundation\\Console\\Kernel->handle()
#8 {main}
"} 
[2025-02-20 16:20:30] production.ERROR: Target class [files] does not exist. {"exception":"[object] (Illuminate\\Contracts\\Container\\BindingResolutionException(code: 0): Target class [files] does not exist. at C:\\Users\\krist\\Documents\\PHP\\bosservice-laravel\\vendor\\laravel\\framework\\src\\Illuminate\\Container\\Container.php:879)
[stacktrace]
#0 C:\\Users\\krist\\Documents\\PHP\\bosservice-laravel\\vendor\\laravel\\framework\\src\\Illuminate\\Container\\Container.php(758): Illuminate\\Container\\Container->build()
#1 C:\\Users\\krist\\Documents\\PHP\\bosservice-laravel\\vendor\\laravel\\framework\\src\\Illuminate\\Foundation\\Application.php(853): Illuminate\\Container\\Container->resolve()
#2 C:\\Users\\krist\\Documents\\PHP\\bosservice-laravel\\vendor\\laravel\\framework\\src\\Illuminate\\Container\\Container.php(694): Illuminate\\Foundation\\Application->resolve()
#3 C:\\Users\\krist\\Documents\\PHP\\bosservice-laravel\\vendor\\laravel\\framework\\src\\Illuminate\\Foundation\\Application.php(838): Illuminate\\Container\\Container->make()
#4 C:\\Users\\krist\\Documents\\PHP\\bosservice-laravel\\vendor\\laravel\\framework\\src\\Illuminate\\Container\\Container.php(1419): Illuminate\\Foundation\\Application->make()
#5 C:\\Users\\krist\\Documents\\PHP\\bosservice-laravel\\vendor\\laravel\\framework\\src\\Illuminate\\View\\ViewServiceProvider.php(137): Illuminate\\Container\\Container->offsetGet()
#6 [internal function]: Illuminate\\View\\ViewServiceProvider->Illuminate\\View\\{closure}()
#7 C:\\Users\\krist\\Documents\\PHP\\bosservice-laravel\\vendor\\laravel\\framework\\src\\Illuminate\\View\\Engines\\EngineResolver.php(55): call_user_func()
#8 C:\\Users\\krist\\Documents\\PHP\\bosservice-laravel\\vendor\\facade\\ignition\\src\\IgnitionServiceProvider.php(463): Illuminate\\View\\Engines\\EngineResolver->resolve()
#9 C:\\Users\\krist\\Documents\\PHP\\bosservice-laravel\\vendor\\facade\\ignition\\src\\IgnitionServiceProvider.php(158): Facade\\Ignition\\IgnitionServiceProvider->hasCustomViewEnginesRegistered()
#10 C:\\Users\\krist\\Documents\\PHP\\bosservice-laravel\\vendor\\facade\\ignition\\src\\IgnitionServiceProvider.php(101): Facade\\Ignition\\IgnitionServiceProvider->registerViewEngines()
#11 C:\\Users\\krist\\Documents\\PHP\\bosservice-laravel\\vendor\\laravel\\framework\\src\\Illuminate\\Container\\BoundMethod.php(36): Facade\\Ignition\\IgnitionServiceProvider->boot()
#12 C:\\Users\\krist\\Documents\\PHP\\bosservice-laravel\\vendor\\laravel\\framework\\src\\Illuminate\\Container\\Util.php(40): Illuminate\\Container\\BoundMethod::Illuminate\\Container\\{closure}()
#13 C:\\Users\\krist\\Documents\\PHP\\bosservice-laravel\\vendor\\laravel\\framework\\src\\Illuminate\\Container\\BoundMethod.php(93): Illuminate\\Container\\Util::unwrapIfClosure()
#14 C:\\Users\\krist\\Documents\\PHP\\bosservice-laravel\\vendor\\laravel\\framework\\src\\Illuminate\\Container\\BoundMethod.php(35): Illuminate\\Container\\BoundMethod::callBoundMethod()
#15 C:\\Users\\krist\\Documents\\PHP\\bosservice-laravel\\vendor\\laravel\\framework\\src\\Illuminate\\Container\\Container.php(653): Illuminate\\Container\\BoundMethod::call()
#16 C:\\Users\\krist\\Documents\\PHP\\bosservice-laravel\\vendor\\laravel\\framework\\src\\Illuminate\\Foundation\\Application.php(926): Illuminate\\Container\\Container->call()
#17 C:\\Users\\krist\\Documents\\PHP\\bosservice-laravel\\vendor\\laravel\\framework\\src\\Illuminate\\Foundation\\Application.php(907): Illuminate\\Foundation\\Application->bootProvider()
#18 [internal function]: Illuminate\\Foundation\\Application->Illuminate\\Foundation\\{closure}()
#19 C:\\Users\\krist\\Documents\\PHP\\bosservice-laravel\\vendor\\laravel\\framework\\src\\Illuminate\\Foundation\\Application.php(906): array_walk()
#20 C:\\Users\\krist\\Documents\\PHP\\bosservice-laravel\\vendor\\laravel\\framework\\src\\Illuminate\\Foundation\\Bootstrap\\BootProviders.php(17): Illuminate\\Foundation\\Application->boot()
#21 C:\\Users\\krist\\Documents\\PHP\\bosservice-laravel\\vendor\\laravel\\framework\\src\\Illuminate\\Foundation\\Application.php(237): Illuminate\\Foundation\\Bootstrap\\BootProviders->bootstrap()
#22 C:\\Users\\krist\\Documents\\PHP\\bosservice-laravel\\vendor\\laravel\\framework\\src\\Illuminate\\Foundation\\Console\\Kernel.php(310): Illuminate\\Foundation\\Application->bootstrapWith()
#23 C:\\Users\\krist\\Documents\\PHP\\bosservice-laravel\\vendor\\laravel\\framework\\src\\Illuminate\\Foundation\\Console\\Kernel.php(127): Illuminate\\Foundation\\Console\\Kernel->bootstrap()
#24 C:\\Users\\krist\\Documents\\PHP\\bosservice-laravel\\artisan(11): Illuminate\\Foundation\\Console\\Kernel->handle()
#25 {main}

[previous exception] [object] (ReflectionException(code: -1): Class \"files\" does not exist at C:\\Users\\krist\\Documents\\PHP\\bosservice-laravel\\vendor\\laravel\\framework\\src\\Illuminate\\Container\\Container.php:877)
[stacktrace]
#0 C:\\Users\\krist\\Documents\\PHP\\bosservice-laravel\\vendor\\laravel\\framework\\src\\Illuminate\\Container\\Container.php(877): ReflectionClass->__construct()
#1 C:\\Users\\krist\\Documents\\PHP\\bosservice-laravel\\vendor\\laravel\\framework\\src\\Illuminate\\Container\\Container.php(758): Illuminate\\Container\\Container->build()
#2 C:\\Users\\krist\\Documents\\PHP\\bosservice-laravel\\vendor\\laravel\\framework\\src\\Illuminate\\Foundation\\Application.php(853): Illuminate\\Container\\Container->resolve()
#3 C:\\Users\\krist\\Documents\\PHP\\bosservice-laravel\\vendor\\laravel\\framework\\src\\Illuminate\\Container\\Container.php(694): Illuminate\\Foundation\\Application->resolve()
#4 C:\\Users\\krist\\Documents\\PHP\\bosservice-laravel\\vendor\\laravel\\framework\\src\\Illuminate\\Foundation\\Application.php(838): Illuminate\\Container\\Container->make()
#5 C:\\Users\\krist\\Documents\\PHP\\bosservice-laravel\\vendor\\laravel\\framework\\src\\Illuminate\\Container\\Container.php(1419): Illuminate\\Foundation\\Application->make()
#6 C:\\Users\\krist\\Documents\\PHP\\bosservice-laravel\\vendor\\laravel\\framework\\src\\Illuminate\\View\\ViewServiceProvider.php(137): Illuminate\\Container\\Container->offsetGet()
#7 [internal function]: Illuminate\\View\\ViewServiceProvider->Illuminate\\View\\{closure}()
#8 C:\\Users\\krist\\Documents\\PHP\\bosservice-laravel\\vendor\\laravel\\framework\\src\\Illuminate\\View\\Engines\\EngineResolver.php(55): call_user_func()
#9 C:\\Users\\krist\\Documents\\PHP\\bosservice-laravel\\vendor\\facade\\ignition\\src\\IgnitionServiceProvider.php(463): Illuminate\\View\\Engines\\EngineResolver->resolve()
#10 C:\\Users\\krist\\Documents\\PHP\\bosservice-laravel\\vendor\\facade\\ignition\\src\\IgnitionServiceProvider.php(158): Facade\\Ignition\\IgnitionServiceProvider->hasCustomViewEnginesRegistered()
#11 C:\\Users\\krist\\Documents\\PHP\\bosservice-laravel\\vendor\\facade\\ignition\\src\\IgnitionServiceProvider.php(101): Facade\\Ignition\\IgnitionServiceProvider->registerViewEngines()
#12 C:\\Users\\krist\\Documents\\PHP\\bosservice-laravel\\vendor\\laravel\\framework\\src\\Illuminate\\Container\\BoundMethod.php(36): Facade\\Ignition\\IgnitionServiceProvider->boot()
#13 C:\\Users\\krist\\Documents\\PHP\\bosservice-laravel\\vendor\\laravel\\framework\\src\\Illuminate\\Container\\Util.php(40): Illuminate\\Container\\BoundMethod::Illuminate\\Container\\{closure}()
#14 C:\\Users\\krist\\Documents\\PHP\\bosservice-laravel\\vendor\\laravel\\framework\\src\\Illuminate\\Container\\BoundMethod.php(93): Illuminate\\Container\\Util::unwrapIfClosure()
#15 C:\\Users\\krist\\Documents\\PHP\\bosservice-laravel\\vendor\\laravel\\framework\\src\\Illuminate\\Container\\BoundMethod.php(35): Illuminate\\Container\\BoundMethod::callBoundMethod()
#16 C:\\Users\\krist\\Documents\\PHP\\bosservice-laravel\\vendor\\laravel\\framework\\src\\Illuminate\\Container\\Container.php(653): Illuminate\\Container\\BoundMethod::call()
#17 C:\\Users\\krist\\Documents\\PHP\\bosservice-laravel\\vendor\\laravel\\framework\\src\\Illuminate\\Foundation\\Application.php(926): Illuminate\\Container\\Container->call()
#18 C:\\Users\\krist\\Documents\\PHP\\bosservice-laravel\\vendor\\laravel\\framework\\src\\Illuminate\\Foundation\\Application.php(907): Illuminate\\Foundation\\Application->bootProvider()
#19 [internal function]: Illuminate\\Foundation\\Application->Illuminate\\Foundation\\{closure}()
#20 C:\\Users\\krist\\Documents\\PHP\\bosservice-laravel\\vendor\\laravel\\framework\\src\\Illuminate\\Foundation\\Application.php(906): array_walk()
#21 C:\\Users\\krist\\Documents\\PHP\\bosservice-laravel\\vendor\\laravel\\framework\\src\\Illuminate\\Foundation\\Bootstrap\\BootProviders.php(17): Illuminate\\Foundation\\Application->boot()
#22 C:\\Users\\krist\\Documents\\PHP\\bosservice-laravel\\vendor\\laravel\\framework\\src\\Illuminate\\Foundation\\Application.php(237): Illuminate\\Foundation\\Bootstrap\\BootProviders->bootstrap()
#23 C:\\Users\\krist\\Documents\\PHP\\bosservice-laravel\\vendor\\laravel\\framework\\src\\Illuminate\\Foundation\\Console\\Kernel.php(310): Illuminate\\Foundation\\Application->bootstrapWith()
#24 C:\\Users\\krist\\Documents\\PHP\\bosservice-laravel\\vendor\\laravel\\framework\\src\\Illuminate\\Foundation\\Console\\Kernel.php(127): Illuminate\\Foundation\\Console\\Kernel->bootstrap()
#25 C:\\Users\\krist\\Documents\\PHP\\bosservice-laravel\\artisan(11): Illuminate\\Foundation\\Console\\Kernel->handle()
#26 {main}
"} 
[2025-02-20 16:20:31] production.ERROR: Target class [files] does not exist. {"exception":"[object] (Illuminate\\Contracts\\Container\\BindingResolutionException(code: 0): Target class [files] does not exist. at C:\\Users\\krist\\Documents\\PHP\\bosservice-laravel\\vendor\\laravel\\framework\\src\\Illuminate\\Container\\Container.php:879)
[stacktrace]
#0 C:\\Users\\krist\\Documents\\PHP\\bosservice-laravel\\vendor\\laravel\\framework\\src\\Illuminate\\Container\\Container.php(758): Illuminate\\Container\\Container->build()
#1 C:\\Users\\krist\\Documents\\PHP\\bosservice-laravel\\vendor\\laravel\\framework\\src\\Illuminate\\Foundation\\Application.php(853): Illuminate\\Container\\Container->resolve()
#2 C:\\Users\\krist\\Documents\\PHP\\bosservice-laravel\\vendor\\laravel\\framework\\src\\Illuminate\\Container\\Container.php(694): Illuminate\\Foundation\\Application->resolve()
#3 C:\\Users\\krist\\Documents\\PHP\\bosservice-laravel\\vendor\\laravel\\framework\\src\\Illuminate\\Foundation\\Application.php(838): Illuminate\\Container\\Container->make()
#4 C:\\Users\\krist\\Documents\\PHP\\bosservice-laravel\\vendor\\laravel\\framework\\src\\Illuminate\\Container\\Container.php(1419): Illuminate\\Foundation\\Application->make()
#5 C:\\Users\\krist\\Documents\\PHP\\bosservice-laravel\\vendor\\laravel\\framework\\src\\Illuminate\\View\\ViewServiceProvider.php(137): Illuminate\\Container\\Container->offsetGet()
#6 [internal function]: Illuminate\\View\\ViewServiceProvider->Illuminate\\View\\{closure}()
#7 C:\\Users\\krist\\Documents\\PHP\\bosservice-laravel\\vendor\\laravel\\framework\\src\\Illuminate\\View\\Engines\\EngineResolver.php(55): call_user_func()
#8 C:\\Users\\krist\\Documents\\PHP\\bosservice-laravel\\vendor\\facade\\ignition\\src\\IgnitionServiceProvider.php(463): Illuminate\\View\\Engines\\EngineResolver->resolve()
#9 C:\\Users\\krist\\Documents\\PHP\\bosservice-laravel\\vendor\\facade\\ignition\\src\\IgnitionServiceProvider.php(158): Facade\\Ignition\\IgnitionServiceProvider->hasCustomViewEnginesRegistered()
#10 C:\\Users\\krist\\Documents\\PHP\\bosservice-laravel\\vendor\\facade\\ignition\\src\\IgnitionServiceProvider.php(101): Facade\\Ignition\\IgnitionServiceProvider->registerViewEngines()
#11 C:\\Users\\krist\\Documents\\PHP\\bosservice-laravel\\vendor\\laravel\\framework\\src\\Illuminate\\Container\\BoundMethod.php(36): Facade\\Ignition\\IgnitionServiceProvider->boot()
#12 C:\\Users\\krist\\Documents\\PHP\\bosservice-laravel\\vendor\\laravel\\framework\\src\\Illuminate\\Container\\Util.php(40): Illuminate\\Container\\BoundMethod::Illuminate\\Container\\{closure}()
#13 C:\\Users\\krist\\Documents\\PHP\\bosservice-laravel\\vendor\\laravel\\framework\\src\\Illuminate\\Container\\BoundMethod.php(93): Illuminate\\Container\\Util::unwrapIfClosure()
#14 C:\\Users\\krist\\Documents\\PHP\\bosservice-laravel\\vendor\\laravel\\framework\\src\\Illuminate\\Container\\BoundMethod.php(35): Illuminate\\Container\\BoundMethod::callBoundMethod()
#15 C:\\Users\\krist\\Documents\\PHP\\bosservice-laravel\\vendor\\laravel\\framework\\src\\Illuminate\\Container\\Container.php(653): Illuminate\\Container\\BoundMethod::call()
#16 C:\\Users\\krist\\Documents\\PHP\\bosservice-laravel\\vendor\\laravel\\framework\\src\\Illuminate\\Foundation\\Application.php(926): Illuminate\\Container\\Container->call()
#17 C:\\Users\\krist\\Documents\\PHP\\bosservice-laravel\\vendor\\laravel\\framework\\src\\Illuminate\\Foundation\\Application.php(907): Illuminate\\Foundation\\Application->bootProvider()
#18 [internal function]: Illuminate\\Foundation\\Application->Illuminate\\Foundation\\{closure}()
#19 C:\\Users\\krist\\Documents\\PHP\\bosservice-laravel\\vendor\\laravel\\framework\\src\\Illuminate\\Foundation\\Application.php(906): array_walk()
#20 C:\\Users\\krist\\Documents\\PHP\\bosservice-laravel\\vendor\\laravel\\framework\\src\\Illuminate\\Foundation\\Bootstrap\\BootProviders.php(17): Illuminate\\Foundation\\Application->boot()
#21 C:\\Users\\krist\\Documents\\PHP\\bosservice-laravel\\vendor\\laravel\\framework\\src\\Illuminate\\Foundation\\Application.php(237): Illuminate\\Foundation\\Bootstrap\\BootProviders->bootstrap()
#22 C:\\Users\\krist\\Documents\\PHP\\bosservice-laravel\\vendor\\laravel\\framework\\src\\Illuminate\\Foundation\\Console\\Kernel.php(310): Illuminate\\Foundation\\Application->bootstrapWith()
#23 C:\\Users\\krist\\Documents\\PHP\\bosservice-laravel\\vendor\\laravel\\framework\\src\\Illuminate\\Foundation\\Console\\Kernel.php(127): Illuminate\\Foundation\\Console\\Kernel->bootstrap()
#24 C:\\Users\\krist\\Documents\\PHP\\bosservice-laravel\\artisan(11): Illuminate\\Foundation\\Console\\Kernel->handle()
#25 {main}

[previous exception] [object] (ReflectionException(code: -1): Class \"files\" does not exist at C:\\Users\\krist\\Documents\\PHP\\bosservice-laravel\\vendor\\laravel\\framework\\src\\Illuminate\\Container\\Container.php:877)
[stacktrace]
#0 C:\\Users\\krist\\Documents\\PHP\\bosservice-laravel\\vendor\\laravel\\framework\\src\\Illuminate\\Container\\Container.php(877): ReflectionClass->__construct()
#1 C:\\Users\\krist\\Documents\\PHP\\bosservice-laravel\\vendor\\laravel\\framework\\src\\Illuminate\\Container\\Container.php(758): Illuminate\\Container\\Container->build()
#2 C:\\Users\\krist\\Documents\\PHP\\bosservice-laravel\\vendor\\laravel\\framework\\src\\Illuminate\\Foundation\\Application.php(853): Illuminate\\Container\\Container->resolve()
#3 C:\\Users\\krist\\Documents\\PHP\\bosservice-laravel\\vendor\\laravel\\framework\\src\\Illuminate\\Container\\Container.php(694): Illuminate\\Foundation\\Application->resolve()
#4 C:\\Users\\krist\\Documents\\PHP\\bosservice-laravel\\vendor\\laravel\\framework\\src\\Illuminate\\Foundation\\Application.php(838): Illuminate\\Container\\Container->make()
#5 C:\\Users\\krist\\Documents\\PHP\\bosservice-laravel\\vendor\\laravel\\framework\\src\\Illuminate\\Container\\Container.php(1419): Illuminate\\Foundation\\Application->make()
#6 C:\\Users\\krist\\Documents\\PHP\\bosservice-laravel\\vendor\\laravel\\framework\\src\\Illuminate\\View\\ViewServiceProvider.php(137): Illuminate\\Container\\Container->offsetGet()
#7 [internal function]: Illuminate\\View\\ViewServiceProvider->Illuminate\\View\\{closure}()
#8 C:\\Users\\krist\\Documents\\PHP\\bosservice-laravel\\vendor\\laravel\\framework\\src\\Illuminate\\View\\Engines\\EngineResolver.php(55): call_user_func()
#9 C:\\Users\\krist\\Documents\\PHP\\bosservice-laravel\\vendor\\facade\\ignition\\src\\IgnitionServiceProvider.php(463): Illuminate\\View\\Engines\\EngineResolver->resolve()
#10 C:\\Users\\krist\\Documents\\PHP\\bosservice-laravel\\vendor\\facade\\ignition\\src\\IgnitionServiceProvider.php(158): Facade\\Ignition\\IgnitionServiceProvider->hasCustomViewEnginesRegistered()
#11 C:\\Users\\krist\\Documents\\PHP\\bosservice-laravel\\vendor\\facade\\ignition\\src\\IgnitionServiceProvider.php(101): Facade\\Ignition\\IgnitionServiceProvider->registerViewEngines()
#12 C:\\Users\\krist\\Documents\\PHP\\bosservice-laravel\\vendor\\laravel\\framework\\src\\Illuminate\\Container\\BoundMethod.php(36): Facade\\Ignition\\IgnitionServiceProvider->boot()
#13 C:\\Users\\krist\\Documents\\PHP\\bosservice-laravel\\vendor\\laravel\\framework\\src\\Illuminate\\Container\\Util.php(40): Illuminate\\Container\\BoundMethod::Illuminate\\Container\\{closure}()
#14 C:\\Users\\krist\\Documents\\PHP\\bosservice-laravel\\vendor\\laravel\\framework\\src\\Illuminate\\Container\\BoundMethod.php(93): Illuminate\\Container\\Util::unwrapIfClosure()
#15 C:\\Users\\krist\\Documents\\PHP\\bosservice-laravel\\vendor\\laravel\\framework\\src\\Illuminate\\Container\\BoundMethod.php(35): Illuminate\\Container\\BoundMethod::callBoundMethod()
#16 C:\\Users\\krist\\Documents\\PHP\\bosservice-laravel\\vendor\\laravel\\framework\\src\\Illuminate\\Container\\Container.php(653): Illuminate\\Container\\BoundMethod::call()
#17 C:\\Users\\krist\\Documents\\PHP\\bosservice-laravel\\vendor\\laravel\\framework\\src\\Illuminate\\Foundation\\Application.php(926): Illuminate\\Container\\Container->call()
#18 C:\\Users\\krist\\Documents\\PHP\\bosservice-laravel\\vendor\\laravel\\framework\\src\\Illuminate\\Foundation\\Application.php(907): Illuminate\\Foundation\\Application->bootProvider()
#19 [internal function]: Illuminate\\Foundation\\Application->Illuminate\\Foundation\\{closure}()
#20 C:\\Users\\krist\\Documents\\PHP\\bosservice-laravel\\vendor\\laravel\\framework\\src\\Illuminate\\Foundation\\Application.php(906): array_walk()
#21 C:\\Users\\krist\\Documents\\PHP\\bosservice-laravel\\vendor\\laravel\\framework\\src\\Illuminate\\Foundation\\Bootstrap\\BootProviders.php(17): Illuminate\\Foundation\\Application->boot()
#22 C:\\Users\\krist\\Documents\\PHP\\bosservice-laravel\\vendor\\laravel\\framework\\src\\Illuminate\\Foundation\\Application.php(237): Illuminate\\Foundation\\Bootstrap\\BootProviders->bootstrap()
#23 C:\\Users\\krist\\Documents\\PHP\\bosservice-laravel\\vendor\\laravel\\framework\\src\\Illuminate\\Foundation\\Console\\Kernel.php(310): Illuminate\\Foundation\\Application->bootstrapWith()
#24 C:\\Users\\krist\\Documents\\PHP\\bosservice-laravel\\vendor\\laravel\\framework\\src\\Illuminate\\Foundation\\Console\\Kernel.php(127): Illuminate\\Foundation\\Console\\Kernel->bootstrap()
#25 C:\\Users\\krist\\Documents\\PHP\\bosservice-laravel\\artisan(11): Illuminate\\Foundation\\Console\\Kernel->handle()
#26 {main}
"} 
[2025-02-20 16:21:31] production.ERROR: Please provide a valid cache path. {"exception":"[object] (InvalidArgumentException(code: 0): Please provide a valid cache path. at C:\\Users\\krist\\Documents\\PHP\\bosservice-laravel\\vendor\\laravel\\framework\\src\\Illuminate\\View\\Compilers\\Compiler.php:36)
[stacktrace]
#0 C:\\Users\\krist\\Documents\\PHP\\bosservice-laravel\\vendor\\laravel\\framework\\src\\Illuminate\\View\\ViewServiceProvider.php(88): Illuminate\\View\\Compilers\\Compiler->__construct()
#1 C:\\Users\\krist\\Documents\\PHP\\bosservice-laravel\\vendor\\laravel\\framework\\src\\Illuminate\\Container\\Container.php(873): Illuminate\\View\\ViewServiceProvider->Illuminate\\View\\{closure}()
#2 C:\\Users\\krist\\Documents\\PHP\\bosservice-laravel\\vendor\\laravel\\framework\\src\\Illuminate\\Container\\Container.php(758): Illuminate\\Container\\Container->build()
#3 C:\\Users\\krist\\Documents\\PHP\\bosservice-laravel\\vendor\\laravel\\framework\\src\\Illuminate\\Foundation\\Application.php(853): Illuminate\\Container\\Container->resolve()
#4 C:\\Users\\krist\\Documents\\PHP\\bosservice-laravel\\vendor\\laravel\\framework\\src\\Illuminate\\Container\\Container.php(694): Illuminate\\Foundation\\Application->resolve()
#5 C:\\Users\\krist\\Documents\\PHP\\bosservice-laravel\\vendor\\laravel\\framework\\src\\Illuminate\\Foundation\\Application.php(838): Illuminate\\Container\\Container->make()
#6 C:\\Users\\krist\\Documents\\PHP\\bosservice-laravel\\vendor\\laravel\\framework\\src\\Illuminate\\Container\\Container.php(1419): Illuminate\\Foundation\\Application->make()
#7 C:\\Users\\krist\\Documents\\PHP\\bosservice-laravel\\vendor\\laravel\\framework\\src\\Illuminate\\View\\ViewServiceProvider.php(150): Illuminate\\Container\\Container->offsetGet()
#8 [internal function]: Illuminate\\View\\ViewServiceProvider->Illuminate\\View\\{closure}()
#9 C:\\Users\\krist\\Documents\\PHP\\bosservice-laravel\\vendor\\laravel\\framework\\src\\Illuminate\\View\\Engines\\EngineResolver.php(55): call_user_func()
#10 C:\\Users\\krist\\Documents\\PHP\\bosservice-laravel\\vendor\\facade\\ignition\\src\\IgnitionServiceProvider.php(467): Illuminate\\View\\Engines\\EngineResolver->resolve()
#11 C:\\Users\\krist\\Documents\\PHP\\bosservice-laravel\\vendor\\facade\\ignition\\src\\IgnitionServiceProvider.php(158): Facade\\Ignition\\IgnitionServiceProvider->hasCustomViewEnginesRegistered()
#12 C:\\Users\\krist\\Documents\\PHP\\bosservice-laravel\\vendor\\facade\\ignition\\src\\IgnitionServiceProvider.php(101): Facade\\Ignition\\IgnitionServiceProvider->registerViewEngines()
#13 C:\\Users\\krist\\Documents\\PHP\\bosservice-laravel\\vendor\\laravel\\framework\\src\\Illuminate\\Container\\BoundMethod.php(36): Facade\\Ignition\\IgnitionServiceProvider->boot()
#14 C:\\Users\\krist\\Documents\\PHP\\bosservice-laravel\\vendor\\laravel\\framework\\src\\Illuminate\\Container\\Util.php(40): Illuminate\\Container\\BoundMethod::Illuminate\\Container\\{closure}()
#15 C:\\Users\\krist\\Documents\\PHP\\bosservice-laravel\\vendor\\laravel\\framework\\src\\Illuminate\\Container\\BoundMethod.php(93): Illuminate\\Container\\Util::unwrapIfClosure()
#16 C:\\Users\\krist\\Documents\\PHP\\bosservice-laravel\\vendor\\laravel\\framework\\src\\Illuminate\\Container\\BoundMethod.php(35): Illuminate\\Container\\BoundMethod::callBoundMethod()
#17 C:\\Users\\krist\\Documents\\PHP\\bosservice-laravel\\vendor\\laravel\\framework\\src\\Illuminate\\Container\\Container.php(653): Illuminate\\Container\\BoundMethod::call()
#18 C:\\Users\\krist\\Documents\\PHP\\bosservice-laravel\\vendor\\laravel\\framework\\src\\Illuminate\\Foundation\\Application.php(926): Illuminate\\Container\\Container->call()
#19 C:\\Users\\krist\\Documents\\PHP\\bosservice-laravel\\vendor\\laravel\\framework\\src\\Illuminate\\Foundation\\Application.php(907): Illuminate\\Foundation\\Application->bootProvider()
#20 [internal function]: Illuminate\\Foundation\\Application->Illuminate\\Foundation\\{closure}()
#21 C:\\Users\\krist\\Documents\\PHP\\bosservice-laravel\\vendor\\laravel\\framework\\src\\Illuminate\\Foundation\\Application.php(906): array_walk()
#22 C:\\Users\\krist\\Documents\\PHP\\bosservice-laravel\\vendor\\laravel\\framework\\src\\Illuminate\\Foundation\\Bootstrap\\BootProviders.php(17): Illuminate\\Foundation\\Application->boot()
#23 C:\\Users\\krist\\Documents\\PHP\\bosservice-laravel\\vendor\\laravel\\framework\\src\\Illuminate\\Foundation\\Application.php(237): Illuminate\\Foundation\\Bootstrap\\BootProviders->bootstrap()
#24 C:\\Users\\krist\\Documents\\PHP\\bosservice-laravel\\vendor\\laravel\\framework\\src\\Illuminate\\Foundation\\Console\\Kernel.php(310): Illuminate\\Foundation\\Application->bootstrapWith()
#25 C:\\Users\\krist\\Documents\\PHP\\bosservice-laravel\\vendor\\laravel\\framework\\src\\Illuminate\\Foundation\\Console\\Kernel.php(127): Illuminate\\Foundation\\Console\\Kernel->bootstrap()
#26 C:\\Users\\krist\\Documents\\PHP\\bosservice-laravel\\artisan(11): Illuminate\\Foundation\\Console\\Kernel->handle()
#27 {main}
"} 
[2025-02-20 16:21:32] production.ERROR: Please provide a valid cache path. {"exception":"[object] (InvalidArgumentException(code: 0): Please provide a valid cache path. at C:\\Users\\krist\\Documents\\PHP\\bosservice-laravel\\vendor\\laravel\\framework\\src\\Illuminate\\View\\Compilers\\Compiler.php:36)
[stacktrace]
#0 C:\\Users\\krist\\Documents\\PHP\\bosservice-laravel\\vendor\\laravel\\framework\\src\\Illuminate\\View\\ViewServiceProvider.php(88): Illuminate\\View\\Compilers\\Compiler->__construct()
#1 C:\\Users\\krist\\Documents\\PHP\\bosservice-laravel\\vendor\\laravel\\framework\\src\\Illuminate\\Container\\Container.php(873): Illuminate\\View\\ViewServiceProvider->Illuminate\\View\\{closure}()
#2 C:\\Users\\krist\\Documents\\PHP\\bosservice-laravel\\vendor\\laravel\\framework\\src\\Illuminate\\Container\\Container.php(758): Illuminate\\Container\\Container->build()
#3 C:\\Users\\krist\\Documents\\PHP\\bosservice-laravel\\vendor\\laravel\\framework\\src\\Illuminate\\Foundation\\Application.php(853): Illuminate\\Container\\Container->resolve()
#4 C:\\Users\\krist\\Documents\\PHP\\bosservice-laravel\\vendor\\laravel\\framework\\src\\Illuminate\\Container\\Container.php(694): Illuminate\\Foundation\\Application->resolve()
#5 C:\\Users\\krist\\Documents\\PHP\\bosservice-laravel\\vendor\\laravel\\framework\\src\\Illuminate\\Foundation\\Application.php(838): Illuminate\\Container\\Container->make()
#6 C:\\Users\\krist\\Documents\\PHP\\bosservice-laravel\\vendor\\laravel\\framework\\src\\Illuminate\\Container\\Container.php(1419): Illuminate\\Foundation\\Application->make()
#7 C:\\Users\\krist\\Documents\\PHP\\bosservice-laravel\\vendor\\laravel\\framework\\src\\Illuminate\\View\\ViewServiceProvider.php(150): Illuminate\\Container\\Container->offsetGet()
#8 [internal function]: Illuminate\\View\\ViewServiceProvider->Illuminate\\View\\{closure}()
#9 C:\\Users\\krist\\Documents\\PHP\\bosservice-laravel\\vendor\\laravel\\framework\\src\\Illuminate\\View\\Engines\\EngineResolver.php(55): call_user_func()
#10 C:\\Users\\krist\\Documents\\PHP\\bosservice-laravel\\vendor\\facade\\ignition\\src\\IgnitionServiceProvider.php(467): Illuminate\\View\\Engines\\EngineResolver->resolve()
#11 C:\\Users\\krist\\Documents\\PHP\\bosservice-laravel\\vendor\\facade\\ignition\\src\\IgnitionServiceProvider.php(158): Facade\\Ignition\\IgnitionServiceProvider->hasCustomViewEnginesRegistered()
#12 C:\\Users\\krist\\Documents\\PHP\\bosservice-laravel\\vendor\\facade\\ignition\\src\\IgnitionServiceProvider.php(101): Facade\\Ignition\\IgnitionServiceProvider->registerViewEngines()
#13 C:\\Users\\krist\\Documents\\PHP\\bosservice-laravel\\vendor\\laravel\\framework\\src\\Illuminate\\Container\\BoundMethod.php(36): Facade\\Ignition\\IgnitionServiceProvider->boot()
#14 C:\\Users\\krist\\Documents\\PHP\\bosservice-laravel\\vendor\\laravel\\framework\\src\\Illuminate\\Container\\Util.php(40): Illuminate\\Container\\BoundMethod::Illuminate\\Container\\{closure}()
#15 C:\\Users\\krist\\Documents\\PHP\\bosservice-laravel\\vendor\\laravel\\framework\\src\\Illuminate\\Container\\BoundMethod.php(93): Illuminate\\Container\\Util::unwrapIfClosure()
#16 C:\\Users\\krist\\Documents\\PHP\\bosservice-laravel\\vendor\\laravel\\framework\\src\\Illuminate\\Container\\BoundMethod.php(35): Illuminate\\Container\\BoundMethod::callBoundMethod()
#17 C:\\Users\\krist\\Documents\\PHP\\bosservice-laravel\\vendor\\laravel\\framework\\src\\Illuminate\\Container\\Container.php(653): Illuminate\\Container\\BoundMethod::call()
#18 C:\\Users\\krist\\Documents\\PHP\\bosservice-laravel\\vendor\\laravel\\framework\\src\\Illuminate\\Foundation\\Application.php(926): Illuminate\\Container\\Container->call()
#19 C:\\Users\\krist\\Documents\\PHP\\bosservice-laravel\\vendor\\laravel\\framework\\src\\Illuminate\\Foundation\\Application.php(907): Illuminate\\Foundation\\Application->bootProvider()
#20 [internal function]: Illuminate\\Foundation\\Application->Illuminate\\Foundation\\{closure}()
#21 C:\\Users\\krist\\Documents\\PHP\\bosservice-laravel\\vendor\\laravel\\framework\\src\\Illuminate\\Foundation\\Application.php(906): array_walk()
#22 C:\\Users\\krist\\Documents\\PHP\\bosservice-laravel\\vendor\\laravel\\framework\\src\\Illuminate\\Foundation\\Bootstrap\\BootProviders.php(17): Illuminate\\Foundation\\Application->boot()
#23 C:\\Users\\krist\\Documents\\PHP\\bosservice-laravel\\vendor\\laravel\\framework\\src\\Illuminate\\Foundation\\Application.php(237): Illuminate\\Foundation\\Bootstrap\\BootProviders->bootstrap()
#24 C:\\Users\\krist\\Documents\\PHP\\bosservice-laravel\\vendor\\laravel\\framework\\src\\Illuminate\\Foundation\\Console\\Kernel.php(310): Illuminate\\Foundation\\Application->bootstrapWith()
#25 C:\\Users\\krist\\Documents\\PHP\\bosservice-laravel\\vendor\\laravel\\framework\\src\\Illuminate\\Foundation\\Console\\Kernel.php(127): Illuminate\\Foundation\\Console\\Kernel->bootstrap()
#26 C:\\Users\\krist\\Documents\\PHP\\bosservice-laravel\\artisan(11): Illuminate\\Foundation\\Console\\Kernel->handle()
#27 {main}
"} 
[2025-02-20 16:25:01] production.ERROR: Please provide a valid cache path. {"exception":"[object] (InvalidArgumentException(code: 0): Please provide a valid cache path. at C:\\Users\\krist\\Documents\\PHP\\bosservice-laravel\\vendor\\laravel\\framework\\src\\Illuminate\\View\\Compilers\\Compiler.php:36)
[stacktrace]
#0 C:\\Users\\krist\\Documents\\PHP\\bosservice-laravel\\vendor\\laravel\\framework\\src\\Illuminate\\View\\ViewServiceProvider.php(88): Illuminate\\View\\Compilers\\Compiler->__construct()
#1 C:\\Users\\krist\\Documents\\PHP\\bosservice-laravel\\vendor\\laravel\\framework\\src\\Illuminate\\Container\\Container.php(873): Illuminate\\View\\ViewServiceProvider->Illuminate\\View\\{closure}()
#2 C:\\Users\\krist\\Documents\\PHP\\bosservice-laravel\\vendor\\laravel\\framework\\src\\Illuminate\\Container\\Container.php(758): Illuminate\\Container\\Container->build()
#3 C:\\Users\\krist\\Documents\\PHP\\bosservice-laravel\\vendor\\laravel\\framework\\src\\Illuminate\\Foundation\\Application.php(853): Illuminate\\Container\\Container->resolve()
#4 C:\\Users\\krist\\Documents\\PHP\\bosservice-laravel\\vendor\\laravel\\framework\\src\\Illuminate\\Container\\Container.php(694): Illuminate\\Foundation\\Application->resolve()
#5 C:\\Users\\krist\\Documents\\PHP\\bosservice-laravel\\vendor\\laravel\\framework\\src\\Illuminate\\Foundation\\Application.php(838): Illuminate\\Container\\Container->make()
#6 C:\\Users\\krist\\Documents\\PHP\\bosservice-laravel\\vendor\\laravel\\framework\\src\\Illuminate\\Container\\Container.php(1419): Illuminate\\Foundation\\Application->make()
#7 C:\\Users\\krist\\Documents\\PHP\\bosservice-laravel\\vendor\\laravel\\framework\\src\\Illuminate\\View\\ViewServiceProvider.php(150): Illuminate\\Container\\Container->offsetGet()
#8 [internal function]: Illuminate\\View\\ViewServiceProvider->Illuminate\\View\\{closure}()
#9 C:\\Users\\krist\\Documents\\PHP\\bosservice-laravel\\vendor\\laravel\\framework\\src\\Illuminate\\View\\Engines\\EngineResolver.php(55): call_user_func()
#10 C:\\Users\\krist\\Documents\\PHP\\bosservice-laravel\\vendor\\facade\\ignition\\src\\IgnitionServiceProvider.php(467): Illuminate\\View\\Engines\\EngineResolver->resolve()
#11 C:\\Users\\krist\\Documents\\PHP\\bosservice-laravel\\vendor\\facade\\ignition\\src\\IgnitionServiceProvider.php(158): Facade\\Ignition\\IgnitionServiceProvider->hasCustomViewEnginesRegistered()
#12 C:\\Users\\krist\\Documents\\PHP\\bosservice-laravel\\vendor\\facade\\ignition\\src\\IgnitionServiceProvider.php(101): Facade\\Ignition\\IgnitionServiceProvider->registerViewEngines()
#13 C:\\Users\\krist\\Documents\\PHP\\bosservice-laravel\\vendor\\laravel\\framework\\src\\Illuminate\\Container\\BoundMethod.php(36): Facade\\Ignition\\IgnitionServiceProvider->boot()
#14 C:\\Users\\krist\\Documents\\PHP\\bosservice-laravel\\vendor\\laravel\\framework\\src\\Illuminate\\Container\\Util.php(40): Illuminate\\Container\\BoundMethod::Illuminate\\Container\\{closure}()
#15 C:\\Users\\krist\\Documents\\PHP\\bosservice-laravel\\vendor\\laravel\\framework\\src\\Illuminate\\Container\\BoundMethod.php(93): Illuminate\\Container\\Util::unwrapIfClosure()
#16 C:\\Users\\krist\\Documents\\PHP\\bosservice-laravel\\vendor\\laravel\\framework\\src\\Illuminate\\Container\\BoundMethod.php(35): Illuminate\\Container\\BoundMethod::callBoundMethod()
#17 C:\\Users\\krist\\Documents\\PHP\\bosservice-laravel\\vendor\\laravel\\framework\\src\\Illuminate\\Container\\Container.php(653): Illuminate\\Container\\BoundMethod::call()
#18 C:\\Users\\krist\\Documents\\PHP\\bosservice-laravel\\vendor\\laravel\\framework\\src\\Illuminate\\Foundation\\Application.php(926): Illuminate\\Container\\Container->call()
#19 C:\\Users\\krist\\Documents\\PHP\\bosservice-laravel\\vendor\\laravel\\framework\\src\\Illuminate\\Foundation\\Application.php(907): Illuminate\\Foundation\\Application->bootProvider()
#20 [internal function]: Illuminate\\Foundation\\Application->Illuminate\\Foundation\\{closure}()
#21 C:\\Users\\krist\\Documents\\PHP\\bosservice-laravel\\vendor\\laravel\\framework\\src\\Illuminate\\Foundation\\Application.php(906): array_walk()
#22 C:\\Users\\krist\\Documents\\PHP\\bosservice-laravel\\vendor\\laravel\\framework\\src\\Illuminate\\Foundation\\Bootstrap\\BootProviders.php(17): Illuminate\\Foundation\\Application->boot()
#23 C:\\Users\\krist\\Documents\\PHP\\bosservice-laravel\\vendor\\laravel\\framework\\src\\Illuminate\\Foundation\\Application.php(237): Illuminate\\Foundation\\Bootstrap\\BootProviders->bootstrap()
#24 C:\\Users\\krist\\Documents\\PHP\\bosservice-laravel\\vendor\\laravel\\framework\\src\\Illuminate\\Foundation\\Console\\Kernel.php(310): Illuminate\\Foundation\\Application->bootstrapWith()
#25 C:\\Users\\krist\\Documents\\PHP\\bosservice-laravel\\vendor\\laravel\\framework\\src\\Illuminate\\Foundation\\Console\\Kernel.php(127): Illuminate\\Foundation\\Console\\Kernel->bootstrap()
#26 C:\\Users\\krist\\Documents\\PHP\\bosservice-laravel\\artisan(11): Illuminate\\Foundation\\Console\\Kernel->handle()
#27 {main}
"} 
[2025-02-20 16:25:02] production.ERROR: Please provide a valid cache path. {"exception":"[object] (InvalidArgumentException(code: 0): Please provide a valid cache path. at C:\\Users\\krist\\Documents\\PHP\\bosservice-laravel\\vendor\\laravel\\framework\\src\\Illuminate\\View\\Compilers\\Compiler.php:36)
[stacktrace]
#0 C:\\Users\\krist\\Documents\\PHP\\bosservice-laravel\\vendor\\laravel\\framework\\src\\Illuminate\\View\\ViewServiceProvider.php(88): Illuminate\\View\\Compilers\\Compiler->__construct()
#1 C:\\Users\\krist\\Documents\\PHP\\bosservice-laravel\\vendor\\laravel\\framework\\src\\Illuminate\\Container\\Container.php(873): Illuminate\\View\\ViewServiceProvider->Illuminate\\View\\{closure}()
#2 C:\\Users\\krist\\Documents\\PHP\\bosservice-laravel\\vendor\\laravel\\framework\\src\\Illuminate\\Container\\Container.php(758): Illuminate\\Container\\Container->build()
#3 C:\\Users\\krist\\Documents\\PHP\\bosservice-laravel\\vendor\\laravel\\framework\\src\\Illuminate\\Foundation\\Application.php(853): Illuminate\\Container\\Container->resolve()
#4 C:\\Users\\krist\\Documents\\PHP\\bosservice-laravel\\vendor\\laravel\\framework\\src\\Illuminate\\Container\\Container.php(694): Illuminate\\Foundation\\Application->resolve()
#5 C:\\Users\\krist\\Documents\\PHP\\bosservice-laravel\\vendor\\laravel\\framework\\src\\Illuminate\\Foundation\\Application.php(838): Illuminate\\Container\\Container->make()
#6 C:\\Users\\krist\\Documents\\PHP\\bosservice-laravel\\vendor\\laravel\\framework\\src\\Illuminate\\Container\\Container.php(1419): Illuminate\\Foundation\\Application->make()
#7 C:\\Users\\krist\\Documents\\PHP\\bosservice-laravel\\vendor\\laravel\\framework\\src\\Illuminate\\View\\ViewServiceProvider.php(150): Illuminate\\Container\\Container->offsetGet()
#8 [internal function]: Illuminate\\View\\ViewServiceProvider->Illuminate\\View\\{closure}()
#9 C:\\Users\\krist\\Documents\\PHP\\bosservice-laravel\\vendor\\laravel\\framework\\src\\Illuminate\\View\\Engines\\EngineResolver.php(55): call_user_func()
#10 C:\\Users\\krist\\Documents\\PHP\\bosservice-laravel\\vendor\\facade\\ignition\\src\\IgnitionServiceProvider.php(467): Illuminate\\View\\Engines\\EngineResolver->resolve()
#11 C:\\Users\\krist\\Documents\\PHP\\bosservice-laravel\\vendor\\facade\\ignition\\src\\IgnitionServiceProvider.php(158): Facade\\Ignition\\IgnitionServiceProvider->hasCustomViewEnginesRegistered()
#12 C:\\Users\\krist\\Documents\\PHP\\bosservice-laravel\\vendor\\facade\\ignition\\src\\IgnitionServiceProvider.php(101): Facade\\Ignition\\IgnitionServiceProvider->registerViewEngines()
#13 C:\\Users\\krist\\Documents\\PHP\\bosservice-laravel\\vendor\\laravel\\framework\\src\\Illuminate\\Container\\BoundMethod.php(36): Facade\\Ignition\\IgnitionServiceProvider->boot()
#14 C:\\Users\\krist\\Documents\\PHP\\bosservice-laravel\\vendor\\laravel\\framework\\src\\Illuminate\\Container\\Util.php(40): Illuminate\\Container\\BoundMethod::Illuminate\\Container\\{closure}()
#15 C:\\Users\\krist\\Documents\\PHP\\bosservice-laravel\\vendor\\laravel\\framework\\src\\Illuminate\\Container\\BoundMethod.php(93): Illuminate\\Container\\Util::unwrapIfClosure()
#16 C:\\Users\\krist\\Documents\\PHP\\bosservice-laravel\\vendor\\laravel\\framework\\src\\Illuminate\\Container\\BoundMethod.php(35): Illuminate\\Container\\BoundMethod::callBoundMethod()
#17 C:\\Users\\krist\\Documents\\PHP\\bosservice-laravel\\vendor\\laravel\\framework\\src\\Illuminate\\Container\\Container.php(653): Illuminate\\Container\\BoundMethod::call()
#18 C:\\Users\\krist\\Documents\\PHP\\bosservice-laravel\\vendor\\laravel\\framework\\src\\Illuminate\\Foundation\\Application.php(926): Illuminate\\Container\\Container->call()
#19 C:\\Users\\krist\\Documents\\PHP\\bosservice-laravel\\vendor\\laravel\\framework\\src\\Illuminate\\Foundation\\Application.php(907): Illuminate\\Foundation\\Application->bootProvider()
#20 [internal function]: Illuminate\\Foundation\\Application->Illuminate\\Foundation\\{closure}()
#21 C:\\Users\\krist\\Documents\\PHP\\bosservice-laravel\\vendor\\laravel\\framework\\src\\Illuminate\\Foundation\\Application.php(906): array_walk()
#22 C:\\Users\\krist\\Documents\\PHP\\bosservice-laravel\\vendor\\laravel\\framework\\src\\Illuminate\\Foundation\\Bootstrap\\BootProviders.php(17): Illuminate\\Foundation\\Application->boot()
#23 C:\\Users\\krist\\Documents\\PHP\\bosservice-laravel\\vendor\\laravel\\framework\\src\\Illuminate\\Foundation\\Application.php(237): Illuminate\\Foundation\\Bootstrap\\BootProviders->bootstrap()
#24 C:\\Users\\krist\\Documents\\PHP\\bosservice-laravel\\vendor\\laravel\\framework\\src\\Illuminate\\Foundation\\Console\\Kernel.php(310): Illuminate\\Foundation\\Application->bootstrapWith()
#25 C:\\Users\\krist\\Documents\\PHP\\bosservice-laravel\\vendor\\laravel\\framework\\src\\Illuminate\\Foundation\\Console\\Kernel.php(127): Illuminate\\Foundation\\Console\\Kernel->bootstrap()
#26 C:\\Users\\krist\\Documents\\PHP\\bosservice-laravel\\artisan(11): Illuminate\\Foundation\\Console\\Kernel->handle()
#27 {main}
"} 
[2025-02-20 16:25:53] production.ERROR: Please provide a valid cache path. {"exception":"[object] (InvalidArgumentException(code: 0): Please provide a valid cache path. at C:\\Users\\krist\\Documents\\PHP\\bosservice-laravel\\vendor\\laravel\\framework\\src\\Illuminate\\View\\Compilers\\Compiler.php:36)
[stacktrace]
#0 C:\\Users\\krist\\Documents\\PHP\\bosservice-laravel\\vendor\\laravel\\framework\\src\\Illuminate\\View\\ViewServiceProvider.php(88): Illuminate\\View\\Compilers\\Compiler->__construct()
#1 C:\\Users\\krist\\Documents\\PHP\\bosservice-laravel\\vendor\\laravel\\framework\\src\\Illuminate\\Container\\Container.php(873): Illuminate\\View\\ViewServiceProvider->Illuminate\\View\\{closure}()
#2 C:\\Users\\krist\\Documents\\PHP\\bosservice-laravel\\vendor\\laravel\\framework\\src\\Illuminate\\Container\\Container.php(758): Illuminate\\Container\\Container->build()
#3 C:\\Users\\krist\\Documents\\PHP\\bosservice-laravel\\vendor\\laravel\\framework\\src\\Illuminate\\Foundation\\Application.php(853): Illuminate\\Container\\Container->resolve()
#4 C:\\Users\\krist\\Documents\\PHP\\bosservice-laravel\\vendor\\laravel\\framework\\src\\Illuminate\\Container\\Container.php(694): Illuminate\\Foundation\\Application->resolve()
#5 C:\\Users\\krist\\Documents\\PHP\\bosservice-laravel\\vendor\\laravel\\framework\\src\\Illuminate\\Foundation\\Application.php(838): Illuminate\\Container\\Container->make()
#6 C:\\Users\\krist\\Documents\\PHP\\bosservice-laravel\\vendor\\laravel\\framework\\src\\Illuminate\\Container\\Container.php(1419): Illuminate\\Foundation\\Application->make()
#7 C:\\Users\\krist\\Documents\\PHP\\bosservice-laravel\\vendor\\laravel\\framework\\src\\Illuminate\\View\\ViewServiceProvider.php(150): Illuminate\\Container\\Container->offsetGet()
#8 [internal function]: Illuminate\\View\\ViewServiceProvider->Illuminate\\View\\{closure}()
#9 C:\\Users\\krist\\Documents\\PHP\\bosservice-laravel\\vendor\\laravel\\framework\\src\\Illuminate\\View\\Engines\\EngineResolver.php(55): call_user_func()
#10 C:\\Users\\krist\\Documents\\PHP\\bosservice-laravel\\vendor\\facade\\ignition\\src\\IgnitionServiceProvider.php(467): Illuminate\\View\\Engines\\EngineResolver->resolve()
#11 C:\\Users\\krist\\Documents\\PHP\\bosservice-laravel\\vendor\\facade\\ignition\\src\\IgnitionServiceProvider.php(158): Facade\\Ignition\\IgnitionServiceProvider->hasCustomViewEnginesRegistered()
#12 C:\\Users\\krist\\Documents\\PHP\\bosservice-laravel\\vendor\\facade\\ignition\\src\\IgnitionServiceProvider.php(101): Facade\\Ignition\\IgnitionServiceProvider->registerViewEngines()
#13 C:\\Users\\krist\\Documents\\PHP\\bosservice-laravel\\vendor\\laravel\\framework\\src\\Illuminate\\Container\\BoundMethod.php(36): Facade\\Ignition\\IgnitionServiceProvider->boot()
#14 C:\\Users\\krist\\Documents\\PHP\\bosservice-laravel\\vendor\\laravel\\framework\\src\\Illuminate\\Container\\Util.php(40): Illuminate\\Container\\BoundMethod::Illuminate\\Container\\{closure}()
#15 C:\\Users\\krist\\Documents\\PHP\\bosservice-laravel\\vendor\\laravel\\framework\\src\\Illuminate\\Container\\BoundMethod.php(93): Illuminate\\Container\\Util::unwrapIfClosure()
#16 C:\\Users\\krist\\Documents\\PHP\\bosservice-laravel\\vendor\\laravel\\framework\\src\\Illuminate\\Container\\BoundMethod.php(35): Illuminate\\Container\\BoundMethod::callBoundMethod()
#17 C:\\Users\\krist\\Documents\\PHP\\bosservice-laravel\\vendor\\laravel\\framework\\src\\Illuminate\\Container\\Container.php(653): Illuminate\\Container\\BoundMethod::call()
#18 C:\\Users\\krist\\Documents\\PHP\\bosservice-laravel\\vendor\\laravel\\framework\\src\\Illuminate\\Foundation\\Application.php(926): Illuminate\\Container\\Container->call()
#19 C:\\Users\\krist\\Documents\\PHP\\bosservice-laravel\\vendor\\laravel\\framework\\src\\Illuminate\\Foundation\\Application.php(907): Illuminate\\Foundation\\Application->bootProvider()
#20 [internal function]: Illuminate\\Foundation\\Application->Illuminate\\Foundation\\{closure}()
#21 C:\\Users\\krist\\Documents\\PHP\\bosservice-laravel\\vendor\\laravel\\framework\\src\\Illuminate\\Foundation\\Application.php(906): array_walk()
#22 C:\\Users\\krist\\Documents\\PHP\\bosservice-laravel\\vendor\\laravel\\framework\\src\\Illuminate\\Foundation\\Bootstrap\\BootProviders.php(17): Illuminate\\Foundation\\Application->boot()
#23 C:\\Users\\krist\\Documents\\PHP\\bosservice-laravel\\vendor\\laravel\\framework\\src\\Illuminate\\Foundation\\Application.php(237): Illuminate\\Foundation\\Bootstrap\\BootProviders->bootstrap()
#24 C:\\Users\\krist\\Documents\\PHP\\bosservice-laravel\\vendor\\laravel\\framework\\src\\Illuminate\\Foundation\\Console\\Kernel.php(310): Illuminate\\Foundation\\Application->bootstrapWith()
#25 C:\\Users\\krist\\Documents\\PHP\\bosservice-laravel\\vendor\\laravel\\framework\\src\\Illuminate\\Foundation\\Console\\Kernel.php(127): Illuminate\\Foundation\\Console\\Kernel->bootstrap()
#26 C:\\Users\\krist\\Documents\\PHP\\bosservice-laravel\\artisan(11): Illuminate\\Foundation\\Console\\Kernel->handle()
#27 {main}
"} 
[2025-02-20 16:25:53] production.ERROR: Please provide a valid cache path. {"exception":"[object] (InvalidArgumentException(code: 0): Please provide a valid cache path. at C:\\Users\\krist\\Documents\\PHP\\bosservice-laravel\\vendor\\laravel\\framework\\src\\Illuminate\\View\\Compilers\\Compiler.php:36)
[stacktrace]
#0 C:\\Users\\krist\\Documents\\PHP\\bosservice-laravel\\vendor\\laravel\\framework\\src\\Illuminate\\View\\ViewServiceProvider.php(88): Illuminate\\View\\Compilers\\Compiler->__construct()
#1 C:\\Users\\krist\\Documents\\PHP\\bosservice-laravel\\vendor\\laravel\\framework\\src\\Illuminate\\Container\\Container.php(873): Illuminate\\View\\ViewServiceProvider->Illuminate\\View\\{closure}()
#2 C:\\Users\\krist\\Documents\\PHP\\bosservice-laravel\\vendor\\laravel\\framework\\src\\Illuminate\\Container\\Container.php(758): Illuminate\\Container\\Container->build()
#3 C:\\Users\\krist\\Documents\\PHP\\bosservice-laravel\\vendor\\laravel\\framework\\src\\Illuminate\\Foundation\\Application.php(853): Illuminate\\Container\\Container->resolve()
#4 C:\\Users\\krist\\Documents\\PHP\\bosservice-laravel\\vendor\\laravel\\framework\\src\\Illuminate\\Container\\Container.php(694): Illuminate\\Foundation\\Application->resolve()
#5 C:\\Users\\krist\\Documents\\PHP\\bosservice-laravel\\vendor\\laravel\\framework\\src\\Illuminate\\Foundation\\Application.php(838): Illuminate\\Container\\Container->make()
#6 C:\\Users\\krist\\Documents\\PHP\\bosservice-laravel\\vendor\\laravel\\framework\\src\\Illuminate\\Container\\Container.php(1419): Illuminate\\Foundation\\Application->make()
#7 C:\\Users\\krist\\Documents\\PHP\\bosservice-laravel\\vendor\\laravel\\framework\\src\\Illuminate\\View\\ViewServiceProvider.php(150): Illuminate\\Container\\Container->offsetGet()
#8 [internal function]: Illuminate\\View\\ViewServiceProvider->Illuminate\\View\\{closure}()
#9 C:\\Users\\krist\\Documents\\PHP\\bosservice-laravel\\vendor\\laravel\\framework\\src\\Illuminate\\View\\Engines\\EngineResolver.php(55): call_user_func()
#10 C:\\Users\\krist\\Documents\\PHP\\bosservice-laravel\\vendor\\facade\\ignition\\src\\IgnitionServiceProvider.php(467): Illuminate\\View\\Engines\\EngineResolver->resolve()
#11 C:\\Users\\krist\\Documents\\PHP\\bosservice-laravel\\vendor\\facade\\ignition\\src\\IgnitionServiceProvider.php(158): Facade\\Ignition\\IgnitionServiceProvider->hasCustomViewEnginesRegistered()
#12 C:\\Users\\krist\\Documents\\PHP\\bosservice-laravel\\vendor\\facade\\ignition\\src\\IgnitionServiceProvider.php(101): Facade\\Ignition\\IgnitionServiceProvider->registerViewEngines()
#13 C:\\Users\\krist\\Documents\\PHP\\bosservice-laravel\\vendor\\laravel\\framework\\src\\Illuminate\\Container\\BoundMethod.php(36): Facade\\Ignition\\IgnitionServiceProvider->boot()
#14 C:\\Users\\krist\\Documents\\PHP\\bosservice-laravel\\vendor\\laravel\\framework\\src\\Illuminate\\Container\\Util.php(40): Illuminate\\Container\\BoundMethod::Illuminate\\Container\\{closure}()
#15 C:\\Users\\krist\\Documents\\PHP\\bosservice-laravel\\vendor\\laravel\\framework\\src\\Illuminate\\Container\\BoundMethod.php(93): Illuminate\\Container\\Util::unwrapIfClosure()
#16 C:\\Users\\krist\\Documents\\PHP\\bosservice-laravel\\vendor\\laravel\\framework\\src\\Illuminate\\Container\\BoundMethod.php(35): Illuminate\\Container\\BoundMethod::callBoundMethod()
#17 C:\\Users\\krist\\Documents\\PHP\\bosservice-laravel\\vendor\\laravel\\framework\\src\\Illuminate\\Container\\Container.php(653): Illuminate\\Container\\BoundMethod::call()
#18 C:\\Users\\krist\\Documents\\PHP\\bosservice-laravel\\vendor\\laravel\\framework\\src\\Illuminate\\Foundation\\Application.php(926): Illuminate\\Container\\Container->call()
#19 C:\\Users\\krist\\Documents\\PHP\\bosservice-laravel\\vendor\\laravel\\framework\\src\\Illuminate\\Foundation\\Application.php(907): Illuminate\\Foundation\\Application->bootProvider()
#20 [internal function]: Illuminate\\Foundation\\Application->Illuminate\\Foundation\\{closure}()
#21 C:\\Users\\krist\\Documents\\PHP\\bosservice-laravel\\vendor\\laravel\\framework\\src\\Illuminate\\Foundation\\Application.php(906): array_walk()
#22 C:\\Users\\krist\\Documents\\PHP\\bosservice-laravel\\vendor\\laravel\\framework\\src\\Illuminate\\Foundation\\Bootstrap\\BootProviders.php(17): Illuminate\\Foundation\\Application->boot()
#23 C:\\Users\\krist\\Documents\\PHP\\bosservice-laravel\\vendor\\laravel\\framework\\src\\Illuminate\\Foundation\\Application.php(237): Illuminate\\Foundation\\Bootstrap\\BootProviders->bootstrap()
#24 C:\\Users\\krist\\Documents\\PHP\\bosservice-laravel\\vendor\\laravel\\framework\\src\\Illuminate\\Foundation\\Console\\Kernel.php(310): Illuminate\\Foundation\\Application->bootstrapWith()
#25 C:\\Users\\krist\\Documents\\PHP\\bosservice-laravel\\vendor\\laravel\\framework\\src\\Illuminate\\Foundation\\Console\\Kernel.php(127): Illuminate\\Foundation\\Console\\Kernel->bootstrap()
#26 C:\\Users\\krist\\Documents\\PHP\\bosservice-laravel\\artisan(11): Illuminate\\Foundation\\Console\\Kernel->handle()
#27 {main}
"} 
[2025-02-20 16:27:16] production.ERROR: Target class [App\Http\Kernel] does not exist. {"exception":"[object] (Illuminate\\Contracts\\Container\\BindingResolutionException(code: 0): Target class [App\\Http\\Kernel] does not exist. at C:\\Users\\krist\\Documents\\PHP\\bosservice-laravel\\vendor\\laravel\\framework\\src\\Illuminate\\Container\\Container.php:879)
[stacktrace]
#0 C:\\Users\\krist\\Documents\\PHP\\bosservice-laravel\\vendor\\laravel\\framework\\src\\Illuminate\\Container\\Container.php(758): Illuminate\\Container\\Container->build()
#1 C:\\Users\\krist\\Documents\\PHP\\bosservice-laravel\\vendor\\laravel\\framework\\src\\Illuminate\\Foundation\\Application.php(853): Illuminate\\Container\\Container->resolve()
#2 C:\\Users\\krist\\Documents\\PHP\\bosservice-laravel\\vendor\\laravel\\framework\\src\\Illuminate\\Container\\Container.php(295): Illuminate\\Foundation\\Application->resolve()
#3 C:\\Users\\krist\\Documents\\PHP\\bosservice-laravel\\vendor\\laravel\\framework\\src\\Illuminate\\Container\\Container.php(873): Illuminate\\Container\\Container->Illuminate\\Container\\{closure}()
#4 C:\\Users\\krist\\Documents\\PHP\\bosservice-laravel\\vendor\\laravel\\framework\\src\\Illuminate\\Container\\Container.php(758): Illuminate\\Container\\Container->build()
#5 C:\\Users\\krist\\Documents\\PHP\\bosservice-laravel\\vendor\\laravel\\framework\\src\\Illuminate\\Foundation\\Application.php(853): Illuminate\\Container\\Container->resolve()
#6 C:\\Users\\krist\\Documents\\PHP\\bosservice-laravel\\vendor\\laravel\\framework\\src\\Illuminate\\Container\\Container.php(694): Illuminate\\Foundation\\Application->resolve()
#7 C:\\Users\\krist\\Documents\\PHP\\bosservice-laravel\\vendor\\laravel\\framework\\src\\Illuminate\\Foundation\\Application.php(838): Illuminate\\Container\\Container->make()
#8 C:\\Users\\krist\\Documents\\PHP\\bosservice-laravel\\vendor\\laravel\\sanctum\\src\\SanctumServiceProvider.php(133): Illuminate\\Foundation\\Application->make()
#9 C:\\Users\\krist\\Documents\\PHP\\bosservice-laravel\\vendor\\laravel\\sanctum\\src\\SanctumServiceProvider.php(60): Laravel\\Sanctum\\SanctumServiceProvider->configureMiddleware()
#10 C:\\Users\\krist\\Documents\\PHP\\bosservice-laravel\\vendor\\laravel\\framework\\src\\Illuminate\\Container\\BoundMethod.php(36): Laravel\\Sanctum\\SanctumServiceProvider->boot()
#11 C:\\Users\\krist\\Documents\\PHP\\bosservice-laravel\\vendor\\laravel\\framework\\src\\Illuminate\\Container\\Util.php(40): Illuminate\\Container\\BoundMethod::Illuminate\\Container\\{closure}()
#12 C:\\Users\\krist\\Documents\\PHP\\bosservice-laravel\\vendor\\laravel\\framework\\src\\Illuminate\\Container\\BoundMethod.php(93): Illuminate\\Container\\Util::unwrapIfClosure()
#13 C:\\Users\\krist\\Documents\\PHP\\bosservice-laravel\\vendor\\laravel\\framework\\src\\Illuminate\\Container\\BoundMethod.php(35): Illuminate\\Container\\BoundMethod::callBoundMethod()
#14 C:\\Users\\krist\\Documents\\PHP\\bosservice-laravel\\vendor\\laravel\\framework\\src\\Illuminate\\Container\\Container.php(653): Illuminate\\Container\\BoundMethod::call()
#15 C:\\Users\\krist\\Documents\\PHP\\bosservice-laravel\\vendor\\laravel\\framework\\src\\Illuminate\\Foundation\\Application.php(926): Illuminate\\Container\\Container->call()
#16 C:\\Users\\krist\\Documents\\PHP\\bosservice-laravel\\vendor\\laravel\\framework\\src\\Illuminate\\Foundation\\Application.php(907): Illuminate\\Foundation\\Application->bootProvider()
#17 [internal function]: Illuminate\\Foundation\\Application->Illuminate\\Foundation\\{closure}()
#18 C:\\Users\\krist\\Documents\\PHP\\bosservice-laravel\\vendor\\laravel\\framework\\src\\Illuminate\\Foundation\\Application.php(906): array_walk()
#19 C:\\Users\\krist\\Documents\\PHP\\bosservice-laravel\\vendor\\laravel\\framework\\src\\Illuminate\\Foundation\\Bootstrap\\BootProviders.php(17): Illuminate\\Foundation\\Application->boot()
#20 C:\\Users\\krist\\Documents\\PHP\\bosservice-laravel\\vendor\\laravel\\framework\\src\\Illuminate\\Foundation\\Application.php(237): Illuminate\\Foundation\\Bootstrap\\BootProviders->bootstrap()
#21 C:\\Users\\krist\\Documents\\PHP\\bosservice-laravel\\vendor\\laravel\\framework\\src\\Illuminate\\Foundation\\Console\\Kernel.php(310): Illuminate\\Foundation\\Application->bootstrapWith()
#22 C:\\Users\\krist\\Documents\\PHP\\bosservice-laravel\\vendor\\laravel\\framework\\src\\Illuminate\\Foundation\\Console\\Kernel.php(127): Illuminate\\Foundation\\Console\\Kernel->bootstrap()
#23 C:\\Users\\krist\\Documents\\PHP\\bosservice-laravel\\artisan(11): Illuminate\\Foundation\\Console\\Kernel->handle()
#24 {main}

[previous exception] [object] (ReflectionException(code: -1): Class \"App\\Http\\Kernel\" does not exist at C:\\Users\\krist\\Documents\\PHP\\bosservice-laravel\\vendor\\laravel\\framework\\src\\Illuminate\\Container\\Container.php:877)
[stacktrace]
#0 C:\\Users\\krist\\Documents\\PHP\\bosservice-laravel\\vendor\\laravel\\framework\\src\\Illuminate\\Container\\Container.php(877): ReflectionClass->__construct()
#1 C:\\Users\\krist\\Documents\\PHP\\bosservice-laravel\\vendor\\laravel\\framework\\src\\Illuminate\\Container\\Container.php(758): Illuminate\\Container\\Container->build()
#2 C:\\Users\\krist\\Documents\\PHP\\bosservice-laravel\\vendor\\laravel\\framework\\src\\Illuminate\\Foundation\\Application.php(853): Illuminate\\Container\\Container->resolve()
#3 C:\\Users\\krist\\Documents\\PHP\\bosservice-laravel\\vendor\\laravel\\framework\\src\\Illuminate\\Container\\Container.php(295): Illuminate\\Foundation\\Application->resolve()
#4 C:\\Users\\krist\\Documents\\PHP\\bosservice-laravel\\vendor\\laravel\\framework\\src\\Illuminate\\Container\\Container.php(873): Illuminate\\Container\\Container->Illuminate\\Container\\{closure}()
#5 C:\\Users\\krist\\Documents\\PHP\\bosservice-laravel\\vendor\\laravel\\framework\\src\\Illuminate\\Container\\Container.php(758): Illuminate\\Container\\Container->build()
#6 C:\\Users\\krist\\Documents\\PHP\\bosservice-laravel\\vendor\\laravel\\framework\\src\\Illuminate\\Foundation\\Application.php(853): Illuminate\\Container\\Container->resolve()
#7 C:\\Users\\krist\\Documents\\PHP\\bosservice-laravel\\vendor\\laravel\\framework\\src\\Illuminate\\Container\\Container.php(694): Illuminate\\Foundation\\Application->resolve()
#8 C:\\Users\\krist\\Documents\\PHP\\bosservice-laravel\\vendor\\laravel\\framework\\src\\Illuminate\\Foundation\\Application.php(838): Illuminate\\Container\\Container->make()
#9 C:\\Users\\krist\\Documents\\PHP\\bosservice-laravel\\vendor\\laravel\\sanctum\\src\\SanctumServiceProvider.php(133): Illuminate\\Foundation\\Application->make()
#10 C:\\Users\\krist\\Documents\\PHP\\bosservice-laravel\\vendor\\laravel\\sanctum\\src\\SanctumServiceProvider.php(60): Laravel\\Sanctum\\SanctumServiceProvider->configureMiddleware()
#11 C:\\Users\\krist\\Documents\\PHP\\bosservice-laravel\\vendor\\laravel\\framework\\src\\Illuminate\\Container\\BoundMethod.php(36): Laravel\\Sanctum\\SanctumServiceProvider->boot()
#12 C:\\Users\\krist\\Documents\\PHP\\bosservice-laravel\\vendor\\laravel\\framework\\src\\Illuminate\\Container\\Util.php(40): Illuminate\\Container\\BoundMethod::Illuminate\\Container\\{closure}()
#13 C:\\Users\\krist\\Documents\\PHP\\bosservice-laravel\\vendor\\laravel\\framework\\src\\Illuminate\\Container\\BoundMethod.php(93): Illuminate\\Container\\Util::unwrapIfClosure()
#14 C:\\Users\\krist\\Documents\\PHP\\bosservice-laravel\\vendor\\laravel\\framework\\src\\Illuminate\\Container\\BoundMethod.php(35): Illuminate\\Container\\BoundMethod::callBoundMethod()
#15 C:\\Users\\krist\\Documents\\PHP\\bosservice-laravel\\vendor\\laravel\\framework\\src\\Illuminate\\Container\\Container.php(653): Illuminate\\Container\\BoundMethod::call()
#16 C:\\Users\\krist\\Documents\\PHP\\bosservice-laravel\\vendor\\laravel\\framework\\src\\Illuminate\\Foundation\\Application.php(926): Illuminate\\Container\\Container->call()
#17 C:\\Users\\krist\\Documents\\PHP\\bosservice-laravel\\vendor\\laravel\\framework\\src\\Illuminate\\Foundation\\Application.php(907): Illuminate\\Foundation\\Application->bootProvider()
#18 [internal function]: Illuminate\\Foundation\\Application->Illuminate\\Foundation\\{closure}()
#19 C:\\Users\\krist\\Documents\\PHP\\bosservice-laravel\\vendor\\laravel\\framework\\src\\Illuminate\\Foundation\\Application.php(906): array_walk()
#20 C:\\Users\\krist\\Documents\\PHP\\bosservice-laravel\\vendor\\laravel\\framework\\src\\Illuminate\\Foundation\\Bootstrap\\BootProviders.php(17): Illuminate\\Foundation\\Application->boot()
#21 C:\\Users\\krist\\Documents\\PHP\\bosservice-laravel\\vendor\\laravel\\framework\\src\\Illuminate\\Foundation\\Application.php(237): Illuminate\\Foundation\\Bootstrap\\BootProviders->bootstrap()
#22 C:\\Users\\krist\\Documents\\PHP\\bosservice-laravel\\vendor\\laravel\\framework\\src\\Illuminate\\Foundation\\Console\\Kernel.php(310): Illuminate\\Foundation\\Application->bootstrapWith()
#23 C:\\Users\\krist\\Documents\\PHP\\bosservice-laravel\\vendor\\laravel\\framework\\src\\Illuminate\\Foundation\\Console\\Kernel.php(127): Illuminate\\Foundation\\Console\\Kernel->bootstrap()
#24 C:\\Users\\krist\\Documents\\PHP\\bosservice-laravel\\artisan(11): Illuminate\\Foundation\\Console\\Kernel->handle()
#25 {main}
"} 
[2025-02-20 16:27:16] production.ERROR: Target class [App\Http\Kernel] does not exist. {"exception":"[object] (Illuminate\\Contracts\\Container\\BindingResolutionException(code: 0): Target class [App\\Http\\Kernel] does not exist. at C:\\Users\\krist\\Documents\\PHP\\bosservice-laravel\\vendor\\laravel\\framework\\src\\Illuminate\\Container\\Container.php:879)
[stacktrace]
#0 C:\\Users\\krist\\Documents\\PHP\\bosservice-laravel\\vendor\\laravel\\framework\\src\\Illuminate\\Container\\Container.php(758): Illuminate\\Container\\Container->build()
#1 C:\\Users\\krist\\Documents\\PHP\\bosservice-laravel\\vendor\\laravel\\framework\\src\\Illuminate\\Foundation\\Application.php(853): Illuminate\\Container\\Container->resolve()
#2 C:\\Users\\krist\\Documents\\PHP\\bosservice-laravel\\vendor\\laravel\\framework\\src\\Illuminate\\Container\\Container.php(295): Illuminate\\Foundation\\Application->resolve()
#3 C:\\Users\\krist\\Documents\\PHP\\bosservice-laravel\\vendor\\laravel\\framework\\src\\Illuminate\\Container\\Container.php(873): Illuminate\\Container\\Container->Illuminate\\Container\\{closure}()
#4 C:\\Users\\krist\\Documents\\PHP\\bosservice-laravel\\vendor\\laravel\\framework\\src\\Illuminate\\Container\\Container.php(758): Illuminate\\Container\\Container->build()
#5 C:\\Users\\krist\\Documents\\PHP\\bosservice-laravel\\vendor\\laravel\\framework\\src\\Illuminate\\Foundation\\Application.php(853): Illuminate\\Container\\Container->resolve()
#6 C:\\Users\\krist\\Documents\\PHP\\bosservice-laravel\\vendor\\laravel\\framework\\src\\Illuminate\\Container\\Container.php(694): Illuminate\\Foundation\\Application->resolve()
#7 C:\\Users\\krist\\Documents\\PHP\\bosservice-laravel\\vendor\\laravel\\framework\\src\\Illuminate\\Foundation\\Application.php(838): Illuminate\\Container\\Container->make()
#8 C:\\Users\\krist\\Documents\\PHP\\bosservice-laravel\\vendor\\laravel\\sanctum\\src\\SanctumServiceProvider.php(133): Illuminate\\Foundation\\Application->make()
#9 C:\\Users\\krist\\Documents\\PHP\\bosservice-laravel\\vendor\\laravel\\sanctum\\src\\SanctumServiceProvider.php(60): Laravel\\Sanctum\\SanctumServiceProvider->configureMiddleware()
#10 C:\\Users\\krist\\Documents\\PHP\\bosservice-laravel\\vendor\\laravel\\framework\\src\\Illuminate\\Container\\BoundMethod.php(36): Laravel\\Sanctum\\SanctumServiceProvider->boot()
#11 C:\\Users\\krist\\Documents\\PHP\\bosservice-laravel\\vendor\\laravel\\framework\\src\\Illuminate\\Container\\Util.php(40): Illuminate\\Container\\BoundMethod::Illuminate\\Container\\{closure}()
#12 C:\\Users\\krist\\Documents\\PHP\\bosservice-laravel\\vendor\\laravel\\framework\\src\\Illuminate\\Container\\BoundMethod.php(93): Illuminate\\Container\\Util::unwrapIfClosure()
#13 C:\\Users\\krist\\Documents\\PHP\\bosservice-laravel\\vendor\\laravel\\framework\\src\\Illuminate\\Container\\BoundMethod.php(35): Illuminate\\Container\\BoundMethod::callBoundMethod()
#14 C:\\Users\\krist\\Documents\\PHP\\bosservice-laravel\\vendor\\laravel\\framework\\src\\Illuminate\\Container\\Container.php(653): Illuminate\\Container\\BoundMethod::call()
#15 C:\\Users\\krist\\Documents\\PHP\\bosservice-laravel\\vendor\\laravel\\framework\\src\\Illuminate\\Foundation\\Application.php(926): Illuminate\\Container\\Container->call()
#16 C:\\Users\\krist\\Documents\\PHP\\bosservice-laravel\\vendor\\laravel\\framework\\src\\Illuminate\\Foundation\\Application.php(907): Illuminate\\Foundation\\Application->bootProvider()
#17 [internal function]: Illuminate\\Foundation\\Application->Illuminate\\Foundation\\{closure}()
#18 C:\\Users\\krist\\Documents\\PHP\\bosservice-laravel\\vendor\\laravel\\framework\\src\\Illuminate\\Foundation\\Application.php(906): array_walk()
#19 C:\\Users\\krist\\Documents\\PHP\\bosservice-laravel\\vendor\\laravel\\framework\\src\\Illuminate\\Foundation\\Bootstrap\\BootProviders.php(17): Illuminate\\Foundation\\Application->boot()
#20 C:\\Users\\krist\\Documents\\PHP\\bosservice-laravel\\vendor\\laravel\\framework\\src\\Illuminate\\Foundation\\Application.php(237): Illuminate\\Foundation\\Bootstrap\\BootProviders->bootstrap()
#21 C:\\Users\\krist\\Documents\\PHP\\bosservice-laravel\\vendor\\laravel\\framework\\src\\Illuminate\\Foundation\\Console\\Kernel.php(310): Illuminate\\Foundation\\Application->bootstrapWith()
#22 C:\\Users\\krist\\Documents\\PHP\\bosservice-laravel\\vendor\\laravel\\framework\\src\\Illuminate\\Foundation\\Console\\Kernel.php(127): Illuminate\\Foundation\\Console\\Kernel->bootstrap()
#23 C:\\Users\\krist\\Documents\\PHP\\bosservice-laravel\\artisan(11): Illuminate\\Foundation\\Console\\Kernel->handle()
#24 {main}

[previous exception] [object] (ReflectionException(code: -1): Class \"App\\Http\\Kernel\" does not exist at C:\\Users\\krist\\Documents\\PHP\\bosservice-laravel\\vendor\\laravel\\framework\\src\\Illuminate\\Container\\Container.php:877)
[stacktrace]
#0 C:\\Users\\krist\\Documents\\PHP\\bosservice-laravel\\vendor\\laravel\\framework\\src\\Illuminate\\Container\\Container.php(877): ReflectionClass->__construct()
#1 C:\\Users\\krist\\Documents\\PHP\\bosservice-laravel\\vendor\\laravel\\framework\\src\\Illuminate\\Container\\Container.php(758): Illuminate\\Container\\Container->build()
#2 C:\\Users\\krist\\Documents\\PHP\\bosservice-laravel\\vendor\\laravel\\framework\\src\\Illuminate\\Foundation\\Application.php(853): Illuminate\\Container\\Container->resolve()
#3 C:\\Users\\krist\\Documents\\PHP\\bosservice-laravel\\vendor\\laravel\\framework\\src\\Illuminate\\Container\\Container.php(295): Illuminate\\Foundation\\Application->resolve()
#4 C:\\Users\\krist\\Documents\\PHP\\bosservice-laravel\\vendor\\laravel\\framework\\src\\Illuminate\\Container\\Container.php(873): Illuminate\\Container\\Container->Illuminate\\Container\\{closure}()
#5 C:\\Users\\krist\\Documents\\PHP\\bosservice-laravel\\vendor\\laravel\\framework\\src\\Illuminate\\Container\\Container.php(758): Illuminate\\Container\\Container->build()
#6 C:\\Users\\krist\\Documents\\PHP\\bosservice-laravel\\vendor\\laravel\\framework\\src\\Illuminate\\Foundation\\Application.php(853): Illuminate\\Container\\Container->resolve()
#7 C:\\Users\\krist\\Documents\\PHP\\bosservice-laravel\\vendor\\laravel\\framework\\src\\Illuminate\\Container\\Container.php(694): Illuminate\\Foundation\\Application->resolve()
#8 C:\\Users\\krist\\Documents\\PHP\\bosservice-laravel\\vendor\\laravel\\framework\\src\\Illuminate\\Foundation\\Application.php(838): Illuminate\\Container\\Container->make()
#9 C:\\Users\\krist\\Documents\\PHP\\bosservice-laravel\\vendor\\laravel\\sanctum\\src\\SanctumServiceProvider.php(133): Illuminate\\Foundation\\Application->make()
#10 C:\\Users\\krist\\Documents\\PHP\\bosservice-laravel\\vendor\\laravel\\sanctum\\src\\SanctumServiceProvider.php(60): Laravel\\Sanctum\\SanctumServiceProvider->configureMiddleware()
#11 C:\\Users\\krist\\Documents\\PHP\\bosservice-laravel\\vendor\\laravel\\framework\\src\\Illuminate\\Container\\BoundMethod.php(36): Laravel\\Sanctum\\SanctumServiceProvider->boot()
#12 C:\\Users\\krist\\Documents\\PHP\\bosservice-laravel\\vendor\\laravel\\framework\\src\\Illuminate\\Container\\Util.php(40): Illuminate\\Container\\BoundMethod::Illuminate\\Container\\{closure}()
#13 C:\\Users\\krist\\Documents\\PHP\\bosservice-laravel\\vendor\\laravel\\framework\\src\\Illuminate\\Container\\BoundMethod.php(93): Illuminate\\Container\\Util::unwrapIfClosure()
#14 C:\\Users\\krist\\Documents\\PHP\\bosservice-laravel\\vendor\\laravel\\framework\\src\\Illuminate\\Container\\BoundMethod.php(35): Illuminate\\Container\\BoundMethod::callBoundMethod()
#15 C:\\Users\\krist\\Documents\\PHP\\bosservice-laravel\\vendor\\laravel\\framework\\src\\Illuminate\\Container\\Container.php(653): Illuminate\\Container\\BoundMethod::call()
#16 C:\\Users\\krist\\Documents\\PHP\\bosservice-laravel\\vendor\\laravel\\framework\\src\\Illuminate\\Foundation\\Application.php(926): Illuminate\\Container\\Container->call()
#17 C:\\Users\\krist\\Documents\\PHP\\bosservice-laravel\\vendor\\laravel\\framework\\src\\Illuminate\\Foundation\\Application.php(907): Illuminate\\Foundation\\Application->bootProvider()
#18 [internal function]: Illuminate\\Foundation\\Application->Illuminate\\Foundation\\{closure}()
#19 C:\\Users\\krist\\Documents\\PHP\\bosservice-laravel\\vendor\\laravel\\framework\\src\\Illuminate\\Foundation\\Application.php(906): array_walk()
#20 C:\\Users\\krist\\Documents\\PHP\\bosservice-laravel\\vendor\\laravel\\framework\\src\\Illuminate\\Foundation\\Bootstrap\\BootProviders.php(17): Illuminate\\Foundation\\Application->boot()
#21 C:\\Users\\krist\\Documents\\PHP\\bosservice-laravel\\vendor\\laravel\\framework\\src\\Illuminate\\Foundation\\Application.php(237): Illuminate\\Foundation\\Bootstrap\\BootProviders->bootstrap()
#22 C:\\Users\\krist\\Documents\\PHP\\bosservice-laravel\\vendor\\laravel\\framework\\src\\Illuminate\\Foundation\\Console\\Kernel.php(310): Illuminate\\Foundation\\Application->bootstrapWith()
#23 C:\\Users\\krist\\Documents\\PHP\\bosservice-laravel\\vendor\\laravel\\framework\\src\\Illuminate\\Foundation\\Console\\Kernel.php(127): Illuminate\\Foundation\\Console\\Kernel->bootstrap()
#24 C:\\Users\\krist\\Documents\\PHP\\bosservice-laravel\\artisan(11): Illuminate\\Foundation\\Console\\Kernel->handle()
#25 {main}
"} 
[2025-02-20 16:28:38] production.ERROR: Class "App\Providers\RateLimiter" not found {"exception":"[object] (Error(code: 0): Class \"App\\Providers\\RateLimiter\" not found at C:\\Users\\krist\\Documents\\PHP\\bosservice-laravel\\app\\Providers\\RouteServiceProvider.php:45)
[stacktrace]
#0 C:\\Users\\krist\\Documents\\PHP\\bosservice-laravel\\app\\Providers\\RouteServiceProvider.php(24): App\\Providers\\RouteServiceProvider->configureRateLimiting()
#1 C:\\Users\\krist\\Documents\\PHP\\bosservice-laravel\\vendor\\laravel\\framework\\src\\Illuminate\\Container\\BoundMethod.php(36): App\\Providers\\RouteServiceProvider->boot()
#2 C:\\Users\\krist\\Documents\\PHP\\bosservice-laravel\\vendor\\laravel\\framework\\src\\Illuminate\\Container\\Util.php(40): Illuminate\\Container\\BoundMethod::Illuminate\\Container\\{closure}()
#3 C:\\Users\\krist\\Documents\\PHP\\bosservice-laravel\\vendor\\laravel\\framework\\src\\Illuminate\\Container\\BoundMethod.php(93): Illuminate\\Container\\Util::unwrapIfClosure()
#4 C:\\Users\\krist\\Documents\\PHP\\bosservice-laravel\\vendor\\laravel\\framework\\src\\Illuminate\\Container\\BoundMethod.php(35): Illuminate\\Container\\BoundMethod::callBoundMethod()
#5 C:\\Users\\krist\\Documents\\PHP\\bosservice-laravel\\vendor\\laravel\\framework\\src\\Illuminate\\Container\\Container.php(653): Illuminate\\Container\\BoundMethod::call()
#6 C:\\Users\\krist\\Documents\\PHP\\bosservice-laravel\\vendor\\laravel\\framework\\src\\Illuminate\\Foundation\\Application.php(926): Illuminate\\Container\\Container->call()
#7 C:\\Users\\krist\\Documents\\PHP\\bosservice-laravel\\vendor\\laravel\\framework\\src\\Illuminate\\Foundation\\Application.php(907): Illuminate\\Foundation\\Application->bootProvider()
#8 [internal function]: Illuminate\\Foundation\\Application->Illuminate\\Foundation\\{closure}()
#9 C:\\Users\\krist\\Documents\\PHP\\bosservice-laravel\\vendor\\laravel\\framework\\src\\Illuminate\\Foundation\\Application.php(906): array_walk()
#10 C:\\Users\\krist\\Documents\\PHP\\bosservice-laravel\\vendor\\laravel\\framework\\src\\Illuminate\\Foundation\\Bootstrap\\BootProviders.php(17): Illuminate\\Foundation\\Application->boot()
#11 C:\\Users\\krist\\Documents\\PHP\\bosservice-laravel\\vendor\\laravel\\framework\\src\\Illuminate\\Foundation\\Application.php(237): Illuminate\\Foundation\\Bootstrap\\BootProviders->bootstrap()
#12 C:\\Users\\krist\\Documents\\PHP\\bosservice-laravel\\vendor\\laravel\\framework\\src\\Illuminate\\Foundation\\Console\\Kernel.php(310): Illuminate\\Foundation\\Application->bootstrapWith()
#13 C:\\Users\\krist\\Documents\\PHP\\bosservice-laravel\\vendor\\laravel\\framework\\src\\Illuminate\\Foundation\\Console\\Kernel.php(127): Illuminate\\Foundation\\Console\\Kernel->bootstrap()
#14 C:\\Users\\krist\\Documents\\PHP\\bosservice-laravel\\artisan(11): Illuminate\\Foundation\\Console\\Kernel->handle()
#15 {main}
"} 
[2025-02-20 16:28:38] production.ERROR: Class "App\Providers\RateLimiter" not found {"exception":"[object] (Error(code: 0): Class \"App\\Providers\\RateLimiter\" not found at C:\\Users\\krist\\Documents\\PHP\\bosservice-laravel\\app\\Providers\\RouteServiceProvider.php:45)
[stacktrace]
#0 C:\\Users\\krist\\Documents\\PHP\\bosservice-laravel\\app\\Providers\\RouteServiceProvider.php(24): App\\Providers\\RouteServiceProvider->configureRateLimiting()
#1 C:\\Users\\krist\\Documents\\PHP\\bosservice-laravel\\vendor\\laravel\\framework\\src\\Illuminate\\Container\\BoundMethod.php(36): App\\Providers\\RouteServiceProvider->boot()
#2 C:\\Users\\krist\\Documents\\PHP\\bosservice-laravel\\vendor\\laravel\\framework\\src\\Illuminate\\Container\\Util.php(40): Illuminate\\Container\\BoundMethod::Illuminate\\Container\\{closure}()
#3 C:\\Users\\krist\\Documents\\PHP\\bosservice-laravel\\vendor\\laravel\\framework\\src\\Illuminate\\Container\\BoundMethod.php(93): Illuminate\\Container\\Util::unwrapIfClosure()
#4 C:\\Users\\krist\\Documents\\PHP\\bosservice-laravel\\vendor\\laravel\\framework\\src\\Illuminate\\Container\\BoundMethod.php(35): Illuminate\\Container\\BoundMethod::callBoundMethod()
#5 C:\\Users\\krist\\Documents\\PHP\\bosservice-laravel\\vendor\\laravel\\framework\\src\\Illuminate\\Container\\Container.php(653): Illuminate\\Container\\BoundMethod::call()
#6 C:\\Users\\krist\\Documents\\PHP\\bosservice-laravel\\vendor\\laravel\\framework\\src\\Illuminate\\Foundation\\Application.php(926): Illuminate\\Container\\Container->call()
#7 C:\\Users\\krist\\Documents\\PHP\\bosservice-laravel\\vendor\\laravel\\framework\\src\\Illuminate\\Foundation\\Application.php(907): Illuminate\\Foundation\\Application->bootProvider()
#8 [internal function]: Illuminate\\Foundation\\Application->Illuminate\\Foundation\\{closure}()
#9 C:\\Users\\krist\\Documents\\PHP\\bosservice-laravel\\vendor\\laravel\\framework\\src\\Illuminate\\Foundation\\Application.php(906): array_walk()
#10 C:\\Users\\krist\\Documents\\PHP\\bosservice-laravel\\vendor\\laravel\\framework\\src\\Illuminate\\Foundation\\Bootstrap\\BootProviders.php(17): Illuminate\\Foundation\\Application->boot()
#11 C:\\Users\\krist\\Documents\\PHP\\bosservice-laravel\\vendor\\laravel\\framework\\src\\Illuminate\\Foundation\\Application.php(237): Illuminate\\Foundation\\Bootstrap\\BootProviders->bootstrap()
#12 C:\\Users\\krist\\Documents\\PHP\\bosservice-laravel\\vendor\\laravel\\framework\\src\\Illuminate\\Foundation\\Console\\Kernel.php(310): Illuminate\\Foundation\\Application->bootstrapWith()
#13 C:\\Users\\krist\\Documents\\PHP\\bosservice-laravel\\vendor\\laravel\\framework\\src\\Illuminate\\Foundation\\Console\\Kernel.php(127): Illuminate\\Foundation\\Console\\Kernel->bootstrap()
#14 C:\\Users\\krist\\Documents\\PHP\\bosservice-laravel\\artisan(11): Illuminate\\Foundation\\Console\\Kernel->handle()
#15 {main}
"} 
[2025-02-20 16:29:33] production.ERROR: Target class [cache.store] does not exist. {"exception":"[object] (Illuminate\\Contracts\\Container\\BindingResolutionException(code: 0): Target class [cache.store] does not exist. at C:\\Users\\krist\\Documents\\PHP\\bosservice-laravel\\vendor\\laravel\\framework\\src\\Illuminate\\Container\\Container.php:879)
[stacktrace]
#0 C:\\Users\\krist\\Documents\\PHP\\bosservice-laravel\\vendor\\laravel\\framework\\src\\Illuminate\\Container\\Container.php(758): Illuminate\\Container\\Container->build()
#1 C:\\Users\\krist\\Documents\\PHP\\bosservice-laravel\\vendor\\laravel\\framework\\src\\Illuminate\\Foundation\\Application.php(853): Illuminate\\Container\\Container->resolve()
#2 C:\\Users\\krist\\Documents\\PHP\\bosservice-laravel\\vendor\\laravel\\framework\\src\\Illuminate\\Container\\Container.php(694): Illuminate\\Foundation\\Application->resolve()
#3 C:\\Users\\krist\\Documents\\PHP\\bosservice-laravel\\vendor\\laravel\\framework\\src\\Illuminate\\Foundation\\Application.php(838): Illuminate\\Container\\Container->make()
#4 C:\\Users\\krist\\Documents\\PHP\\bosservice-laravel\\vendor\\laravel\\framework\\src\\Illuminate\\Container\\Container.php(1027): Illuminate\\Foundation\\Application->make()
#5 C:\\Users\\krist\\Documents\\PHP\\bosservice-laravel\\vendor\\laravel\\framework\\src\\Illuminate\\Container\\Container.php(947): Illuminate\\Container\\Container->resolveClass()
#6 C:\\Users\\krist\\Documents\\PHP\\bosservice-laravel\\vendor\\laravel\\framework\\src\\Illuminate\\Container\\Container.php(908): Illuminate\\Container\\Container->resolveDependencies()
#7 C:\\Users\\krist\\Documents\\PHP\\bosservice-laravel\\vendor\\laravel\\framework\\src\\Illuminate\\Container\\Container.php(758): Illuminate\\Container\\Container->build()
#8 C:\\Users\\krist\\Documents\\PHP\\bosservice-laravel\\vendor\\laravel\\framework\\src\\Illuminate\\Foundation\\Application.php(853): Illuminate\\Container\\Container->resolve()
#9 C:\\Users\\krist\\Documents\\PHP\\bosservice-laravel\\vendor\\laravel\\framework\\src\\Illuminate\\Container\\Container.php(694): Illuminate\\Foundation\\Application->resolve()
#10 C:\\Users\\krist\\Documents\\PHP\\bosservice-laravel\\vendor\\laravel\\framework\\src\\Illuminate\\Foundation\\Application.php(838): Illuminate\\Container\\Container->make()
#11 C:\\Users\\krist\\Documents\\PHP\\bosservice-laravel\\vendor\\laravel\\framework\\src\\Illuminate\\Container\\Container.php(1419): Illuminate\\Foundation\\Application->make()
#12 C:\\Users\\krist\\Documents\\PHP\\bosservice-laravel\\vendor\\laravel\\framework\\src\\Illuminate\\Support\\Facades\\Facade.php(198): Illuminate\\Container\\Container->offsetGet()
#13 C:\\Users\\krist\\Documents\\PHP\\bosservice-laravel\\vendor\\laravel\\framework\\src\\Illuminate\\Support\\Facades\\Facade.php(166): Illuminate\\Support\\Facades\\Facade::resolveFacadeInstance()
#14 C:\\Users\\krist\\Documents\\PHP\\bosservice-laravel\\vendor\\laravel\\framework\\src\\Illuminate\\Support\\Facades\\Facade.php(255): Illuminate\\Support\\Facades\\Facade::getFacadeRoot()
#15 C:\\Users\\krist\\Documents\\PHP\\bosservice-laravel\\app\\Providers\\RouteServiceProvider.php(48): Illuminate\\Support\\Facades\\Facade::__callStatic()
#16 C:\\Users\\krist\\Documents\\PHP\\bosservice-laravel\\app\\Providers\\RouteServiceProvider.php(27): App\\Providers\\RouteServiceProvider->configureRateLimiting()
#17 C:\\Users\\krist\\Documents\\PHP\\bosservice-laravel\\vendor\\laravel\\framework\\src\\Illuminate\\Container\\BoundMethod.php(36): App\\Providers\\RouteServiceProvider->boot()
#18 C:\\Users\\krist\\Documents\\PHP\\bosservice-laravel\\vendor\\laravel\\framework\\src\\Illuminate\\Container\\Util.php(40): Illuminate\\Container\\BoundMethod::Illuminate\\Container\\{closure}()
#19 C:\\Users\\krist\\Documents\\PHP\\bosservice-laravel\\vendor\\laravel\\framework\\src\\Illuminate\\Container\\BoundMethod.php(93): Illuminate\\Container\\Util::unwrapIfClosure()
#20 C:\\Users\\krist\\Documents\\PHP\\bosservice-laravel\\vendor\\laravel\\framework\\src\\Illuminate\\Container\\BoundMethod.php(35): Illuminate\\Container\\BoundMethod::callBoundMethod()
#21 C:\\Users\\krist\\Documents\\PHP\\bosservice-laravel\\vendor\\laravel\\framework\\src\\Illuminate\\Container\\Container.php(653): Illuminate\\Container\\BoundMethod::call()
#22 C:\\Users\\krist\\Documents\\PHP\\bosservice-laravel\\vendor\\laravel\\framework\\src\\Illuminate\\Foundation\\Application.php(926): Illuminate\\Container\\Container->call()
#23 C:\\Users\\krist\\Documents\\PHP\\bosservice-laravel\\vendor\\laravel\\framework\\src\\Illuminate\\Foundation\\Application.php(907): Illuminate\\Foundation\\Application->bootProvider()
#24 [internal function]: Illuminate\\Foundation\\Application->Illuminate\\Foundation\\{closure}()
#25 C:\\Users\\krist\\Documents\\PHP\\bosservice-laravel\\vendor\\laravel\\framework\\src\\Illuminate\\Foundation\\Application.php(906): array_walk()
#26 C:\\Users\\krist\\Documents\\PHP\\bosservice-laravel\\vendor\\laravel\\framework\\src\\Illuminate\\Foundation\\Bootstrap\\BootProviders.php(17): Illuminate\\Foundation\\Application->boot()
#27 C:\\Users\\krist\\Documents\\PHP\\bosservice-laravel\\vendor\\laravel\\framework\\src\\Illuminate\\Foundation\\Application.php(237): Illuminate\\Foundation\\Bootstrap\\BootProviders->bootstrap()
#28 C:\\Users\\krist\\Documents\\PHP\\bosservice-laravel\\vendor\\laravel\\framework\\src\\Illuminate\\Foundation\\Console\\Kernel.php(310): Illuminate\\Foundation\\Application->bootstrapWith()
#29 C:\\Users\\krist\\Documents\\PHP\\bosservice-laravel\\vendor\\laravel\\framework\\src\\Illuminate\\Foundation\\Console\\Kernel.php(127): Illuminate\\Foundation\\Console\\Kernel->bootstrap()
#30 C:\\Users\\krist\\Documents\\PHP\\bosservice-laravel\\artisan(11): Illuminate\\Foundation\\Console\\Kernel->handle()
#31 {main}

[previous exception] [object] (ReflectionException(code: -1): Class \"cache.store\" does not exist at C:\\Users\\krist\\Documents\\PHP\\bosservice-laravel\\vendor\\laravel\\framework\\src\\Illuminate\\Container\\Container.php:877)
[stacktrace]
#0 C:\\Users\\krist\\Documents\\PHP\\bosservice-laravel\\vendor\\laravel\\framework\\src\\Illuminate\\Container\\Container.php(877): ReflectionClass->__construct()
#1 C:\\Users\\krist\\Documents\\PHP\\bosservice-laravel\\vendor\\laravel\\framework\\src\\Illuminate\\Container\\Container.php(758): Illuminate\\Container\\Container->build()
#2 C:\\Users\\krist\\Documents\\PHP\\bosservice-laravel\\vendor\\laravel\\framework\\src\\Illuminate\\Foundation\\Application.php(853): Illuminate\\Container\\Container->resolve()
#3 C:\\Users\\krist\\Documents\\PHP\\bosservice-laravel\\vendor\\laravel\\framework\\src\\Illuminate\\Container\\Container.php(694): Illuminate\\Foundation\\Application->resolve()
#4 C:\\Users\\krist\\Documents\\PHP\\bosservice-laravel\\vendor\\laravel\\framework\\src\\Illuminate\\Foundation\\Application.php(838): Illuminate\\Container\\Container->make()
#5 C:\\Users\\krist\\Documents\\PHP\\bosservice-laravel\\vendor\\laravel\\framework\\src\\Illuminate\\Container\\Container.php(1027): Illuminate\\Foundation\\Application->make()
#6 C:\\Users\\krist\\Documents\\PHP\\bosservice-laravel\\vendor\\laravel\\framework\\src\\Illuminate\\Container\\Container.php(947): Illuminate\\Container\\Container->resolveClass()
#7 C:\\Users\\krist\\Documents\\PHP\\bosservice-laravel\\vendor\\laravel\\framework\\src\\Illuminate\\Container\\Container.php(908): Illuminate\\Container\\Container->resolveDependencies()
#8 C:\\Users\\krist\\Documents\\PHP\\bosservice-laravel\\vendor\\laravel\\framework\\src\\Illuminate\\Container\\Container.php(758): Illuminate\\Container\\Container->build()
#9 C:\\Users\\krist\\Documents\\PHP\\bosservice-laravel\\vendor\\laravel\\framework\\src\\Illuminate\\Foundation\\Application.php(853): Illuminate\\Container\\Container->resolve()
#10 C:\\Users\\krist\\Documents\\PHP\\bosservice-laravel\\vendor\\laravel\\framework\\src\\Illuminate\\Container\\Container.php(694): Illuminate\\Foundation\\Application->resolve()
#11 C:\\Users\\krist\\Documents\\PHP\\bosservice-laravel\\vendor\\laravel\\framework\\src\\Illuminate\\Foundation\\Application.php(838): Illuminate\\Container\\Container->make()
#12 C:\\Users\\krist\\Documents\\PHP\\bosservice-laravel\\vendor\\laravel\\framework\\src\\Illuminate\\Container\\Container.php(1419): Illuminate\\Foundation\\Application->make()
#13 C:\\Users\\krist\\Documents\\PHP\\bosservice-laravel\\vendor\\laravel\\framework\\src\\Illuminate\\Support\\Facades\\Facade.php(198): Illuminate\\Container\\Container->offsetGet()
#14 C:\\Users\\krist\\Documents\\PHP\\bosservice-laravel\\vendor\\laravel\\framework\\src\\Illuminate\\Support\\Facades\\Facade.php(166): Illuminate\\Support\\Facades\\Facade::resolveFacadeInstance()
#15 C:\\Users\\krist\\Documents\\PHP\\bosservice-laravel\\vendor\\laravel\\framework\\src\\Illuminate\\Support\\Facades\\Facade.php(255): Illuminate\\Support\\Facades\\Facade::getFacadeRoot()
#16 C:\\Users\\krist\\Documents\\PHP\\bosservice-laravel\\app\\Providers\\RouteServiceProvider.php(48): Illuminate\\Support\\Facades\\Facade::__callStatic()
#17 C:\\Users\\krist\\Documents\\PHP\\bosservice-laravel\\app\\Providers\\RouteServiceProvider.php(27): App\\Providers\\RouteServiceProvider->configureRateLimiting()
#18 C:\\Users\\krist\\Documents\\PHP\\bosservice-laravel\\vendor\\laravel\\framework\\src\\Illuminate\\Container\\BoundMethod.php(36): App\\Providers\\RouteServiceProvider->boot()
#19 C:\\Users\\krist\\Documents\\PHP\\bosservice-laravel\\vendor\\laravel\\framework\\src\\Illuminate\\Container\\Util.php(40): Illuminate\\Container\\BoundMethod::Illuminate\\Container\\{closure}()
#20 C:\\Users\\krist\\Documents\\PHP\\bosservice-laravel\\vendor\\laravel\\framework\\src\\Illuminate\\Container\\BoundMethod.php(93): Illuminate\\Container\\Util::unwrapIfClosure()
#21 C:\\Users\\krist\\Documents\\PHP\\bosservice-laravel\\vendor\\laravel\\framework\\src\\Illuminate\\Container\\BoundMethod.php(35): Illuminate\\Container\\BoundMethod::callBoundMethod()
#22 C:\\Users\\krist\\Documents\\PHP\\bosservice-laravel\\vendor\\laravel\\framework\\src\\Illuminate\\Container\\Container.php(653): Illuminate\\Container\\BoundMethod::call()
#23 C:\\Users\\krist\\Documents\\PHP\\bosservice-laravel\\vendor\\laravel\\framework\\src\\Illuminate\\Foundation\\Application.php(926): Illuminate\\Container\\Container->call()
#24 C:\\Users\\krist\\Documents\\PHP\\bosservice-laravel\\vendor\\laravel\\framework\\src\\Illuminate\\Foundation\\Application.php(907): Illuminate\\Foundation\\Application->bootProvider()
#25 [internal function]: Illuminate\\Foundation\\Application->Illuminate\\Foundation\\{closure}()
#26 C:\\Users\\krist\\Documents\\PHP\\bosservice-laravel\\vendor\\laravel\\framework\\src\\Illuminate\\Foundation\\Application.php(906): array_walk()
#27 C:\\Users\\krist\\Documents\\PHP\\bosservice-laravel\\vendor\\laravel\\framework\\src\\Illuminate\\Foundation\\Bootstrap\\BootProviders.php(17): Illuminate\\Foundation\\Application->boot()
#28 C:\\Users\\krist\\Documents\\PHP\\bosservice-laravel\\vendor\\laravel\\framework\\src\\Illuminate\\Foundation\\Application.php(237): Illuminate\\Foundation\\Bootstrap\\BootProviders->bootstrap()
#29 C:\\Users\\krist\\Documents\\PHP\\bosservice-laravel\\vendor\\laravel\\framework\\src\\Illuminate\\Foundation\\Console\\Kernel.php(310): Illuminate\\Foundation\\Application->bootstrapWith()
#30 C:\\Users\\krist\\Documents\\PHP\\bosservice-laravel\\vendor\\laravel\\framework\\src\\Illuminate\\Foundation\\Console\\Kernel.php(127): Illuminate\\Foundation\\Console\\Kernel->bootstrap()
#31 C:\\Users\\krist\\Documents\\PHP\\bosservice-laravel\\artisan(11): Illuminate\\Foundation\\Console\\Kernel->handle()
#32 {main}
"} 
[2025-02-20 16:29:33] production.ERROR: Target class [cache.store] does not exist. {"exception":"[object] (Illuminate\\Contracts\\Container\\BindingResolutionException(code: 0): Target class [cache.store] does not exist. at C:\\Users\\krist\\Documents\\PHP\\bosservice-laravel\\vendor\\laravel\\framework\\src\\Illuminate\\Container\\Container.php:879)
[stacktrace]
#0 C:\\Users\\krist\\Documents\\PHP\\bosservice-laravel\\vendor\\laravel\\framework\\src\\Illuminate\\Container\\Container.php(758): Illuminate\\Container\\Container->build()
#1 C:\\Users\\krist\\Documents\\PHP\\bosservice-laravel\\vendor\\laravel\\framework\\src\\Illuminate\\Foundation\\Application.php(853): Illuminate\\Container\\Container->resolve()
#2 C:\\Users\\krist\\Documents\\PHP\\bosservice-laravel\\vendor\\laravel\\framework\\src\\Illuminate\\Container\\Container.php(694): Illuminate\\Foundation\\Application->resolve()
#3 C:\\Users\\krist\\Documents\\PHP\\bosservice-laravel\\vendor\\laravel\\framework\\src\\Illuminate\\Foundation\\Application.php(838): Illuminate\\Container\\Container->make()
#4 C:\\Users\\krist\\Documents\\PHP\\bosservice-laravel\\vendor\\laravel\\framework\\src\\Illuminate\\Container\\Container.php(1027): Illuminate\\Foundation\\Application->make()
#5 C:\\Users\\krist\\Documents\\PHP\\bosservice-laravel\\vendor\\laravel\\framework\\src\\Illuminate\\Container\\Container.php(947): Illuminate\\Container\\Container->resolveClass()
#6 C:\\Users\\krist\\Documents\\PHP\\bosservice-laravel\\vendor\\laravel\\framework\\src\\Illuminate\\Container\\Container.php(908): Illuminate\\Container\\Container->resolveDependencies()
#7 C:\\Users\\krist\\Documents\\PHP\\bosservice-laravel\\vendor\\laravel\\framework\\src\\Illuminate\\Container\\Container.php(758): Illuminate\\Container\\Container->build()
#8 C:\\Users\\krist\\Documents\\PHP\\bosservice-laravel\\vendor\\laravel\\framework\\src\\Illuminate\\Foundation\\Application.php(853): Illuminate\\Container\\Container->resolve()
#9 C:\\Users\\krist\\Documents\\PHP\\bosservice-laravel\\vendor\\laravel\\framework\\src\\Illuminate\\Container\\Container.php(694): Illuminate\\Foundation\\Application->resolve()
#10 C:\\Users\\krist\\Documents\\PHP\\bosservice-laravel\\vendor\\laravel\\framework\\src\\Illuminate\\Foundation\\Application.php(838): Illuminate\\Container\\Container->make()
#11 C:\\Users\\krist\\Documents\\PHP\\bosservice-laravel\\vendor\\laravel\\framework\\src\\Illuminate\\Container\\Container.php(1419): Illuminate\\Foundation\\Application->make()
#12 C:\\Users\\krist\\Documents\\PHP\\bosservice-laravel\\vendor\\laravel\\framework\\src\\Illuminate\\Support\\Facades\\Facade.php(198): Illuminate\\Container\\Container->offsetGet()
#13 C:\\Users\\krist\\Documents\\PHP\\bosservice-laravel\\vendor\\laravel\\framework\\src\\Illuminate\\Support\\Facades\\Facade.php(166): Illuminate\\Support\\Facades\\Facade::resolveFacadeInstance()
#14 C:\\Users\\krist\\Documents\\PHP\\bosservice-laravel\\vendor\\laravel\\framework\\src\\Illuminate\\Support\\Facades\\Facade.php(255): Illuminate\\Support\\Facades\\Facade::getFacadeRoot()
#15 C:\\Users\\krist\\Documents\\PHP\\bosservice-laravel\\app\\Providers\\RouteServiceProvider.php(48): Illuminate\\Support\\Facades\\Facade::__callStatic()
#16 C:\\Users\\krist\\Documents\\PHP\\bosservice-laravel\\app\\Providers\\RouteServiceProvider.php(27): App\\Providers\\RouteServiceProvider->configureRateLimiting()
#17 C:\\Users\\krist\\Documents\\PHP\\bosservice-laravel\\vendor\\laravel\\framework\\src\\Illuminate\\Container\\BoundMethod.php(36): App\\Providers\\RouteServiceProvider->boot()
#18 C:\\Users\\krist\\Documents\\PHP\\bosservice-laravel\\vendor\\laravel\\framework\\src\\Illuminate\\Container\\Util.php(40): Illuminate\\Container\\BoundMethod::Illuminate\\Container\\{closure}()
#19 C:\\Users\\krist\\Documents\\PHP\\bosservice-laravel\\vendor\\laravel\\framework\\src\\Illuminate\\Container\\BoundMethod.php(93): Illuminate\\Container\\Util::unwrapIfClosure()
#20 C:\\Users\\krist\\Documents\\PHP\\bosservice-laravel\\vendor\\laravel\\framework\\src\\Illuminate\\Container\\BoundMethod.php(35): Illuminate\\Container\\BoundMethod::callBoundMethod()
#21 C:\\Users\\krist\\Documents\\PHP\\bosservice-laravel\\vendor\\laravel\\framework\\src\\Illuminate\\Container\\Container.php(653): Illuminate\\Container\\BoundMethod::call()
#22 C:\\Users\\krist\\Documents\\PHP\\bosservice-laravel\\vendor\\laravel\\framework\\src\\Illuminate\\Foundation\\Application.php(926): Illuminate\\Container\\Container->call()
#23 C:\\Users\\krist\\Documents\\PHP\\bosservice-laravel\\vendor\\laravel\\framework\\src\\Illuminate\\Foundation\\Application.php(907): Illuminate\\Foundation\\Application->bootProvider()
#24 [internal function]: Illuminate\\Foundation\\Application->Illuminate\\Foundation\\{closure}()
#25 C:\\Users\\krist\\Documents\\PHP\\bosservice-laravel\\vendor\\laravel\\framework\\src\\Illuminate\\Foundation\\Application.php(906): array_walk()
#26 C:\\Users\\krist\\Documents\\PHP\\bosservice-laravel\\vendor\\laravel\\framework\\src\\Illuminate\\Foundation\\Bootstrap\\BootProviders.php(17): Illuminate\\Foundation\\Application->boot()
#27 C:\\Users\\krist\\Documents\\PHP\\bosservice-laravel\\vendor\\laravel\\framework\\src\\Illuminate\\Foundation\\Application.php(237): Illuminate\\Foundation\\Bootstrap\\BootProviders->bootstrap()
#28 C:\\Users\\krist\\Documents\\PHP\\bosservice-laravel\\vendor\\laravel\\framework\\src\\Illuminate\\Foundation\\Console\\Kernel.php(310): Illuminate\\Foundation\\Application->bootstrapWith()
#29 C:\\Users\\krist\\Documents\\PHP\\bosservice-laravel\\vendor\\laravel\\framework\\src\\Illuminate\\Foundation\\Console\\Kernel.php(127): Illuminate\\Foundation\\Console\\Kernel->bootstrap()
#30 C:\\Users\\krist\\Documents\\PHP\\bosservice-laravel\\artisan(11): Illuminate\\Foundation\\Console\\Kernel->handle()
#31 {main}

[previous exception] [object] (ReflectionException(code: -1): Class \"cache.store\" does not exist at C:\\Users\\krist\\Documents\\PHP\\bosservice-laravel\\vendor\\laravel\\framework\\src\\Illuminate\\Container\\Container.php:877)
[stacktrace]
#0 C:\\Users\\krist\\Documents\\PHP\\bosservice-laravel\\vendor\\laravel\\framework\\src\\Illuminate\\Container\\Container.php(877): ReflectionClass->__construct()
#1 C:\\Users\\krist\\Documents\\PHP\\bosservice-laravel\\vendor\\laravel\\framework\\src\\Illuminate\\Container\\Container.php(758): Illuminate\\Container\\Container->build()
#2 C:\\Users\\krist\\Documents\\PHP\\bosservice-laravel\\vendor\\laravel\\framework\\src\\Illuminate\\Foundation\\Application.php(853): Illuminate\\Container\\Container->resolve()
#3 C:\\Users\\krist\\Documents\\PHP\\bosservice-laravel\\vendor\\laravel\\framework\\src\\Illuminate\\Container\\Container.php(694): Illuminate\\Foundation\\Application->resolve()
#4 C:\\Users\\krist\\Documents\\PHP\\bosservice-laravel\\vendor\\laravel\\framework\\src\\Illuminate\\Foundation\\Application.php(838): Illuminate\\Container\\Container->make()
#5 C:\\Users\\krist\\Documents\\PHP\\bosservice-laravel\\vendor\\laravel\\framework\\src\\Illuminate\\Container\\Container.php(1027): Illuminate\\Foundation\\Application->make()
#6 C:\\Users\\krist\\Documents\\PHP\\bosservice-laravel\\vendor\\laravel\\framework\\src\\Illuminate\\Container\\Container.php(947): Illuminate\\Container\\Container->resolveClass()
#7 C:\\Users\\krist\\Documents\\PHP\\bosservice-laravel\\vendor\\laravel\\framework\\src\\Illuminate\\Container\\Container.php(908): Illuminate\\Container\\Container->resolveDependencies()
#8 C:\\Users\\krist\\Documents\\PHP\\bosservice-laravel\\vendor\\laravel\\framework\\src\\Illuminate\\Container\\Container.php(758): Illuminate\\Container\\Container->build()
#9 C:\\Users\\krist\\Documents\\PHP\\bosservice-laravel\\vendor\\laravel\\framework\\src\\Illuminate\\Foundation\\Application.php(853): Illuminate\\Container\\Container->resolve()
#10 C:\\Users\\krist\\Documents\\PHP\\bosservice-laravel\\vendor\\laravel\\framework\\src\\Illuminate\\Container\\Container.php(694): Illuminate\\Foundation\\Application->resolve()
#11 C:\\Users\\krist\\Documents\\PHP\\bosservice-laravel\\vendor\\laravel\\framework\\src\\Illuminate\\Foundation\\Application.php(838): Illuminate\\Container\\Container->make()
#12 C:\\Users\\krist\\Documents\\PHP\\bosservice-laravel\\vendor\\laravel\\framework\\src\\Illuminate\\Container\\Container.php(1419): Illuminate\\Foundation\\Application->make()
#13 C:\\Users\\krist\\Documents\\PHP\\bosservice-laravel\\vendor\\laravel\\framework\\src\\Illuminate\\Support\\Facades\\Facade.php(198): Illuminate\\Container\\Container->offsetGet()
#14 C:\\Users\\krist\\Documents\\PHP\\bosservice-laravel\\vendor\\laravel\\framework\\src\\Illuminate\\Support\\Facades\\Facade.php(166): Illuminate\\Support\\Facades\\Facade::resolveFacadeInstance()
#15 C:\\Users\\krist\\Documents\\PHP\\bosservice-laravel\\vendor\\laravel\\framework\\src\\Illuminate\\Support\\Facades\\Facade.php(255): Illuminate\\Support\\Facades\\Facade::getFacadeRoot()
#16 C:\\Users\\krist\\Documents\\PHP\\bosservice-laravel\\app\\Providers\\RouteServiceProvider.php(48): Illuminate\\Support\\Facades\\Facade::__callStatic()
#17 C:\\Users\\krist\\Documents\\PHP\\bosservice-laravel\\app\\Providers\\RouteServiceProvider.php(27): App\\Providers\\RouteServiceProvider->configureRateLimiting()
#18 C:\\Users\\krist\\Documents\\PHP\\bosservice-laravel\\vendor\\laravel\\framework\\src\\Illuminate\\Container\\BoundMethod.php(36): App\\Providers\\RouteServiceProvider->boot()
#19 C:\\Users\\krist\\Documents\\PHP\\bosservice-laravel\\vendor\\laravel\\framework\\src\\Illuminate\\Container\\Util.php(40): Illuminate\\Container\\BoundMethod::Illuminate\\Container\\{closure}()
#20 C:\\Users\\krist\\Documents\\PHP\\bosservice-laravel\\vendor\\laravel\\framework\\src\\Illuminate\\Container\\BoundMethod.php(93): Illuminate\\Container\\Util::unwrapIfClosure()
#21 C:\\Users\\krist\\Documents\\PHP\\bosservice-laravel\\vendor\\laravel\\framework\\src\\Illuminate\\Container\\BoundMethod.php(35): Illuminate\\Container\\BoundMethod::callBoundMethod()
#22 C:\\Users\\krist\\Documents\\PHP\\bosservice-laravel\\vendor\\laravel\\framework\\src\\Illuminate\\Container\\Container.php(653): Illuminate\\Container\\BoundMethod::call()
#23 C:\\Users\\krist\\Documents\\PHP\\bosservice-laravel\\vendor\\laravel\\framework\\src\\Illuminate\\Foundation\\Application.php(926): Illuminate\\Container\\Container->call()
#24 C:\\Users\\krist\\Documents\\PHP\\bosservice-laravel\\vendor\\laravel\\framework\\src\\Illuminate\\Foundation\\Application.php(907): Illuminate\\Foundation\\Application->bootProvider()
#25 [internal function]: Illuminate\\Foundation\\Application->Illuminate\\Foundation\\{closure}()
#26 C:\\Users\\krist\\Documents\\PHP\\bosservice-laravel\\vendor\\laravel\\framework\\src\\Illuminate\\Foundation\\Application.php(906): array_walk()
#27 C:\\Users\\krist\\Documents\\PHP\\bosservice-laravel\\vendor\\laravel\\framework\\src\\Illuminate\\Foundation\\Bootstrap\\BootProviders.php(17): Illuminate\\Foundation\\Application->boot()
#28 C:\\Users\\krist\\Documents\\PHP\\bosservice-laravel\\vendor\\laravel\\framework\\src\\Illuminate\\Foundation\\Application.php(237): Illuminate\\Foundation\\Bootstrap\\BootProviders->bootstrap()
#29 C:\\Users\\krist\\Documents\\PHP\\bosservice-laravel\\vendor\\laravel\\framework\\src\\Illuminate\\Foundation\\Console\\Kernel.php(310): Illuminate\\Foundation\\Application->bootstrapWith()
#30 C:\\Users\\krist\\Documents\\PHP\\bosservice-laravel\\vendor\\laravel\\framework\\src\\Illuminate\\Foundation\\Console\\Kernel.php(127): Illuminate\\Foundation\\Console\\Kernel->bootstrap()
#31 C:\\Users\\krist\\Documents\\PHP\\bosservice-laravel\\artisan(11): Illuminate\\Foundation\\Console\\Kernel->handle()
#32 {main}
"} 
[2025-02-20 16:31:23] production.ERROR: Target class [db] does not exist. {"exception":"[object] (Illuminate\\Contracts\\Container\\BindingResolutionException(code: 0): Target class [db] does not exist. at C:\\Users\\krist\\Documents\\PHP\\bosservice-laravel\\vendor\\laravel\\framework\\src\\Illuminate\\Container\\Container.php:879)
[stacktrace]
#0 C:\\Users\\krist\\Documents\\PHP\\bosservice-laravel\\vendor\\laravel\\framework\\src\\Illuminate\\Container\\Container.php(758): Illuminate\\Container\\Container->build()
#1 C:\\Users\\krist\\Documents\\PHP\\bosservice-laravel\\vendor\\laravel\\framework\\src\\Illuminate\\Foundation\\Application.php(853): Illuminate\\Container\\Container->resolve()
#2 C:\\Users\\krist\\Documents\\PHP\\bosservice-laravel\\vendor\\laravel\\framework\\src\\Illuminate\\Container\\Container.php(694): Illuminate\\Foundation\\Application->resolve()
#3 C:\\Users\\krist\\Documents\\PHP\\bosservice-laravel\\vendor\\laravel\\framework\\src\\Illuminate\\Foundation\\Application.php(838): Illuminate\\Container\\Container->make()
#4 C:\\Users\\krist\\Documents\\PHP\\bosservice-laravel\\vendor\\laravel\\framework\\src\\Illuminate\\Container\\Container.php(1419): Illuminate\\Foundation\\Application->make()
#5 C:\\Users\\krist\\Documents\\PHP\\bosservice-laravel\\vendor\\laravel\\framework\\src\\Illuminate\\Cache\\CacheManager.php(217): Illuminate\\Container\\Container->offsetGet()
#6 C:\\Users\\krist\\Documents\\PHP\\bosservice-laravel\\vendor\\laravel\\framework\\src\\Illuminate\\Cache\\CacheManager.php(107): Illuminate\\Cache\\CacheManager->createDatabaseDriver()
#7 C:\\Users\\krist\\Documents\\PHP\\bosservice-laravel\\vendor\\laravel\\framework\\src\\Illuminate\\Cache\\CacheManager.php(82): Illuminate\\Cache\\CacheManager->resolve()
#8 C:\\Users\\krist\\Documents\\PHP\\bosservice-laravel\\vendor\\laravel\\framework\\src\\Illuminate\\Cache\\CacheManager.php(60): Illuminate\\Cache\\CacheManager->get()
#9 C:\\Users\\krist\\Documents\\PHP\\bosservice-laravel\\vendor\\laravel\\framework\\src\\Illuminate\\Cache\\CacheManager.php(71): Illuminate\\Cache\\CacheManager->store()
#10 C:\\Users\\krist\\Documents\\PHP\\bosservice-laravel\\vendor\\laravel\\framework\\src\\Illuminate\\Cache\\CacheServiceProvider.php(35): Illuminate\\Cache\\CacheManager->driver()
#11 C:\\Users\\krist\\Documents\\PHP\\bosservice-laravel\\vendor\\laravel\\framework\\src\\Illuminate\\Container\\Container.php(873): Illuminate\\Cache\\CacheServiceProvider->Illuminate\\Cache\\{closure}()
#12 C:\\Users\\krist\\Documents\\PHP\\bosservice-laravel\\vendor\\laravel\\framework\\src\\Illuminate\\Container\\Container.php(758): Illuminate\\Container\\Container->build()
#13 C:\\Users\\krist\\Documents\\PHP\\bosservice-laravel\\vendor\\laravel\\framework\\src\\Illuminate\\Foundation\\Application.php(853): Illuminate\\Container\\Container->resolve()
#14 C:\\Users\\krist\\Documents\\PHP\\bosservice-laravel\\vendor\\laravel\\framework\\src\\Illuminate\\Container\\Container.php(694): Illuminate\\Foundation\\Application->resolve()
#15 C:\\Users\\krist\\Documents\\PHP\\bosservice-laravel\\vendor\\laravel\\framework\\src\\Illuminate\\Foundation\\Application.php(838): Illuminate\\Container\\Container->make()
#16 C:\\Users\\krist\\Documents\\PHP\\bosservice-laravel\\vendor\\laravel\\framework\\src\\Illuminate\\Container\\Container.php(1419): Illuminate\\Foundation\\Application->make()
#17 C:\\Users\\krist\\Documents\\PHP\\bosservice-laravel\\vendor\\laravel\\framework\\src\\Illuminate\\Support\\Facades\\Facade.php(198): Illuminate\\Container\\Container->offsetGet()
#18 C:\\Users\\krist\\Documents\\PHP\\bosservice-laravel\\vendor\\laravel\\framework\\src\\Illuminate\\Support\\Facades\\Facade.php(166): Illuminate\\Support\\Facades\\Facade::resolveFacadeInstance()
#19 C:\\Users\\krist\\Documents\\PHP\\bosservice-laravel\\vendor\\laravel\\framework\\src\\Illuminate\\Support\\Facades\\Facade.php(255): Illuminate\\Support\\Facades\\Facade::getFacadeRoot()
#20 C:\\Users\\krist\\Documents\\PHP\\bosservice-laravel\\app\\Providers\\RouteServiceProvider.php(48): Illuminate\\Support\\Facades\\Facade::__callStatic()
#21 C:\\Users\\krist\\Documents\\PHP\\bosservice-laravel\\app\\Providers\\RouteServiceProvider.php(27): App\\Providers\\RouteServiceProvider->configureRateLimiting()
#22 C:\\Users\\krist\\Documents\\PHP\\bosservice-laravel\\vendor\\laravel\\framework\\src\\Illuminate\\Container\\BoundMethod.php(36): App\\Providers\\RouteServiceProvider->boot()
#23 C:\\Users\\krist\\Documents\\PHP\\bosservice-laravel\\vendor\\laravel\\framework\\src\\Illuminate\\Container\\Util.php(40): Illuminate\\Container\\BoundMethod::Illuminate\\Container\\{closure}()
#24 C:\\Users\\krist\\Documents\\PHP\\bosservice-laravel\\vendor\\laravel\\framework\\src\\Illuminate\\Container\\BoundMethod.php(93): Illuminate\\Container\\Util::unwrapIfClosure()
#25 C:\\Users\\krist\\Documents\\PHP\\bosservice-laravel\\vendor\\laravel\\framework\\src\\Illuminate\\Container\\BoundMethod.php(35): Illuminate\\Container\\BoundMethod::callBoundMethod()
#26 C:\\Users\\krist\\Documents\\PHP\\bosservice-laravel\\vendor\\laravel\\framework\\src\\Illuminate\\Container\\Container.php(653): Illuminate\\Container\\BoundMethod::call()
#27 C:\\Users\\krist\\Documents\\PHP\\bosservice-laravel\\vendor\\laravel\\framework\\src\\Illuminate\\Foundation\\Application.php(926): Illuminate\\Container\\Container->call()
#28 C:\\Users\\krist\\Documents\\PHP\\bosservice-laravel\\vendor\\laravel\\framework\\src\\Illuminate\\Foundation\\Application.php(907): Illuminate\\Foundation\\Application->bootProvider()
#29 [internal function]: Illuminate\\Foundation\\Application->Illuminate\\Foundation\\{closure}()
#30 C:\\Users\\krist\\Documents\\PHP\\bosservice-laravel\\vendor\\laravel\\framework\\src\\Illuminate\\Foundation\\Application.php(906): array_walk()
#31 C:\\Users\\krist\\Documents\\PHP\\bosservice-laravel\\vendor\\laravel\\framework\\src\\Illuminate\\Foundation\\Bootstrap\\BootProviders.php(17): Illuminate\\Foundation\\Application->boot()
#32 C:\\Users\\krist\\Documents\\PHP\\bosservice-laravel\\vendor\\laravel\\framework\\src\\Illuminate\\Foundation\\Application.php(237): Illuminate\\Foundation\\Bootstrap\\BootProviders->bootstrap()
#33 C:\\Users\\krist\\Documents\\PHP\\bosservice-laravel\\vendor\\laravel\\framework\\src\\Illuminate\\Foundation\\Console\\Kernel.php(310): Illuminate\\Foundation\\Application->bootstrapWith()
#34 C:\\Users\\krist\\Documents\\PHP\\bosservice-laravel\\vendor\\laravel\\framework\\src\\Illuminate\\Foundation\\Console\\Kernel.php(127): Illuminate\\Foundation\\Console\\Kernel->bootstrap()
#35 C:\\Users\\krist\\Documents\\PHP\\bosservice-laravel\\artisan(11): Illuminate\\Foundation\\Console\\Kernel->handle()
#36 {main}

[previous exception] [object] (ReflectionException(code: -1): Class \"db\" does not exist at C:\\Users\\krist\\Documents\\PHP\\bosservice-laravel\\vendor\\laravel\\framework\\src\\Illuminate\\Container\\Container.php:877)
[stacktrace]
#0 C:\\Users\\krist\\Documents\\PHP\\bosservice-laravel\\vendor\\laravel\\framework\\src\\Illuminate\\Container\\Container.php(877): ReflectionClass->__construct()
#1 C:\\Users\\krist\\Documents\\PHP\\bosservice-laravel\\vendor\\laravel\\framework\\src\\Illuminate\\Container\\Container.php(758): Illuminate\\Container\\Container->build()
#2 C:\\Users\\krist\\Documents\\PHP\\bosservice-laravel\\vendor\\laravel\\framework\\src\\Illuminate\\Foundation\\Application.php(853): Illuminate\\Container\\Container->resolve()
#3 C:\\Users\\krist\\Documents\\PHP\\bosservice-laravel\\vendor\\laravel\\framework\\src\\Illuminate\\Container\\Container.php(694): Illuminate\\Foundation\\Application->resolve()
#4 C:\\Users\\krist\\Documents\\PHP\\bosservice-laravel\\vendor\\laravel\\framework\\src\\Illuminate\\Foundation\\Application.php(838): Illuminate\\Container\\Container->make()
#5 C:\\Users\\krist\\Documents\\PHP\\bosservice-laravel\\vendor\\laravel\\framework\\src\\Illuminate\\Container\\Container.php(1419): Illuminate\\Foundation\\Application->make()
#6 C:\\Users\\krist\\Documents\\PHP\\bosservice-laravel\\vendor\\laravel\\framework\\src\\Illuminate\\Cache\\CacheManager.php(217): Illuminate\\Container\\Container->offsetGet()
#7 C:\\Users\\krist\\Documents\\PHP\\bosservice-laravel\\vendor\\laravel\\framework\\src\\Illuminate\\Cache\\CacheManager.php(107): Illuminate\\Cache\\CacheManager->createDatabaseDriver()
#8 C:\\Users\\krist\\Documents\\PHP\\bosservice-laravel\\vendor\\laravel\\framework\\src\\Illuminate\\Cache\\CacheManager.php(82): Illuminate\\Cache\\CacheManager->resolve()
#9 C:\\Users\\krist\\Documents\\PHP\\bosservice-laravel\\vendor\\laravel\\framework\\src\\Illuminate\\Cache\\CacheManager.php(60): Illuminate\\Cache\\CacheManager->get()
#10 C:\\Users\\krist\\Documents\\PHP\\bosservice-laravel\\vendor\\laravel\\framework\\src\\Illuminate\\Cache\\CacheManager.php(71): Illuminate\\Cache\\CacheManager->store()
#11 C:\\Users\\krist\\Documents\\PHP\\bosservice-laravel\\vendor\\laravel\\framework\\src\\Illuminate\\Cache\\CacheServiceProvider.php(35): Illuminate\\Cache\\CacheManager->driver()
#12 C:\\Users\\krist\\Documents\\PHP\\bosservice-laravel\\vendor\\laravel\\framework\\src\\Illuminate\\Container\\Container.php(873): Illuminate\\Cache\\CacheServiceProvider->Illuminate\\Cache\\{closure}()
#13 C:\\Users\\krist\\Documents\\PHP\\bosservice-laravel\\vendor\\laravel\\framework\\src\\Illuminate\\Container\\Container.php(758): Illuminate\\Container\\Container->build()
#14 C:\\Users\\krist\\Documents\\PHP\\bosservice-laravel\\vendor\\laravel\\framework\\src\\Illuminate\\Foundation\\Application.php(853): Illuminate\\Container\\Container->resolve()
#15 C:\\Users\\krist\\Documents\\PHP\\bosservice-laravel\\vendor\\laravel\\framework\\src\\Illuminate\\Container\\Container.php(694): Illuminate\\Foundation\\Application->resolve()
#16 C:\\Users\\krist\\Documents\\PHP\\bosservice-laravel\\vendor\\laravel\\framework\\src\\Illuminate\\Foundation\\Application.php(838): Illuminate\\Container\\Container->make()
#17 C:\\Users\\krist\\Documents\\PHP\\bosservice-laravel\\vendor\\laravel\\framework\\src\\Illuminate\\Container\\Container.php(1419): Illuminate\\Foundation\\Application->make()
#18 C:\\Users\\krist\\Documents\\PHP\\bosservice-laravel\\vendor\\laravel\\framework\\src\\Illuminate\\Support\\Facades\\Facade.php(198): Illuminate\\Container\\Container->offsetGet()
#19 C:\\Users\\krist\\Documents\\PHP\\bosservice-laravel\\vendor\\laravel\\framework\\src\\Illuminate\\Support\\Facades\\Facade.php(166): Illuminate\\Support\\Facades\\Facade::resolveFacadeInstance()
#20 C:\\Users\\krist\\Documents\\PHP\\bosservice-laravel\\vendor\\laravel\\framework\\src\\Illuminate\\Support\\Facades\\Facade.php(255): Illuminate\\Support\\Facades\\Facade::getFacadeRoot()
#21 C:\\Users\\krist\\Documents\\PHP\\bosservice-laravel\\app\\Providers\\RouteServiceProvider.php(48): Illuminate\\Support\\Facades\\Facade::__callStatic()
#22 C:\\Users\\krist\\Documents\\PHP\\bosservice-laravel\\app\\Providers\\RouteServiceProvider.php(27): App\\Providers\\RouteServiceProvider->configureRateLimiting()
#23 C:\\Users\\krist\\Documents\\PHP\\bosservice-laravel\\vendor\\laravel\\framework\\src\\Illuminate\\Container\\BoundMethod.php(36): App\\Providers\\RouteServiceProvider->boot()
#24 C:\\Users\\krist\\Documents\\PHP\\bosservice-laravel\\vendor\\laravel\\framework\\src\\Illuminate\\Container\\Util.php(40): Illuminate\\Container\\BoundMethod::Illuminate\\Container\\{closure}()
#25 C:\\Users\\krist\\Documents\\PHP\\bosservice-laravel\\vendor\\laravel\\framework\\src\\Illuminate\\Container\\BoundMethod.php(93): Illuminate\\Container\\Util::unwrapIfClosure()
#26 C:\\Users\\krist\\Documents\\PHP\\bosservice-laravel\\vendor\\laravel\\framework\\src\\Illuminate\\Container\\BoundMethod.php(35): Illuminate\\Container\\BoundMethod::callBoundMethod()
#27 C:\\Users\\krist\\Documents\\PHP\\bosservice-laravel\\vendor\\laravel\\framework\\src\\Illuminate\\Container\\Container.php(653): Illuminate\\Container\\BoundMethod::call()
#28 C:\\Users\\krist\\Documents\\PHP\\bosservice-laravel\\vendor\\laravel\\framework\\src\\Illuminate\\Foundation\\Application.php(926): Illuminate\\Container\\Container->call()
#29 C:\\Users\\krist\\Documents\\PHP\\bosservice-laravel\\vendor\\laravel\\framework\\src\\Illuminate\\Foundation\\Application.php(907): Illuminate\\Foundation\\Application->bootProvider()
#30 [internal function]: Illuminate\\Foundation\\Application->Illuminate\\Foundation\\{closure}()
#31 C:\\Users\\krist\\Documents\\PHP\\bosservice-laravel\\vendor\\laravel\\framework\\src\\Illuminate\\Foundation\\Application.php(906): array_walk()
#32 C:\\Users\\krist\\Documents\\PHP\\bosservice-laravel\\vendor\\laravel\\framework\\src\\Illuminate\\Foundation\\Bootstrap\\BootProviders.php(17): Illuminate\\Foundation\\Application->boot()
#33 C:\\Users\\krist\\Documents\\PHP\\bosservice-laravel\\vendor\\laravel\\framework\\src\\Illuminate\\Foundation\\Application.php(237): Illuminate\\Foundation\\Bootstrap\\BootProviders->bootstrap()
#34 C:\\Users\\krist\\Documents\\PHP\\bosservice-laravel\\vendor\\laravel\\framework\\src\\Illuminate\\Foundation\\Console\\Kernel.php(310): Illuminate\\Foundation\\Application->bootstrapWith()
#35 C:\\Users\\krist\\Documents\\PHP\\bosservice-laravel\\vendor\\laravel\\framework\\src\\Illuminate\\Foundation\\Console\\Kernel.php(127): Illuminate\\Foundation\\Console\\Kernel->bootstrap()
#36 C:\\Users\\krist\\Documents\\PHP\\bosservice-laravel\\artisan(11): Illuminate\\Foundation\\Console\\Kernel->handle()
#37 {main}
"} 
[2025-02-20 16:31:23] production.ERROR: Target class [db] does not exist. {"exception":"[object] (Illuminate\\Contracts\\Container\\BindingResolutionException(code: 0): Target class [db] does not exist. at C:\\Users\\krist\\Documents\\PHP\\bosservice-laravel\\vendor\\laravel\\framework\\src\\Illuminate\\Container\\Container.php:879)
[stacktrace]
#0 C:\\Users\\krist\\Documents\\PHP\\bosservice-laravel\\vendor\\laravel\\framework\\src\\Illuminate\\Container\\Container.php(758): Illuminate\\Container\\Container->build()
#1 C:\\Users\\krist\\Documents\\PHP\\bosservice-laravel\\vendor\\laravel\\framework\\src\\Illuminate\\Foundation\\Application.php(853): Illuminate\\Container\\Container->resolve()
#2 C:\\Users\\krist\\Documents\\PHP\\bosservice-laravel\\vendor\\laravel\\framework\\src\\Illuminate\\Container\\Container.php(694): Illuminate\\Foundation\\Application->resolve()
#3 C:\\Users\\krist\\Documents\\PHP\\bosservice-laravel\\vendor\\laravel\\framework\\src\\Illuminate\\Foundation\\Application.php(838): Illuminate\\Container\\Container->make()
#4 C:\\Users\\krist\\Documents\\PHP\\bosservice-laravel\\vendor\\laravel\\framework\\src\\Illuminate\\Container\\Container.php(1419): Illuminate\\Foundation\\Application->make()
#5 C:\\Users\\krist\\Documents\\PHP\\bosservice-laravel\\vendor\\laravel\\framework\\src\\Illuminate\\Cache\\CacheManager.php(217): Illuminate\\Container\\Container->offsetGet()
#6 C:\\Users\\krist\\Documents\\PHP\\bosservice-laravel\\vendor\\laravel\\framework\\src\\Illuminate\\Cache\\CacheManager.php(107): Illuminate\\Cache\\CacheManager->createDatabaseDriver()
#7 C:\\Users\\krist\\Documents\\PHP\\bosservice-laravel\\vendor\\laravel\\framework\\src\\Illuminate\\Cache\\CacheManager.php(82): Illuminate\\Cache\\CacheManager->resolve()
#8 C:\\Users\\krist\\Documents\\PHP\\bosservice-laravel\\vendor\\laravel\\framework\\src\\Illuminate\\Cache\\CacheManager.php(60): Illuminate\\Cache\\CacheManager->get()
#9 C:\\Users\\krist\\Documents\\PHP\\bosservice-laravel\\vendor\\laravel\\framework\\src\\Illuminate\\Cache\\CacheManager.php(71): Illuminate\\Cache\\CacheManager->store()
#10 C:\\Users\\krist\\Documents\\PHP\\bosservice-laravel\\vendor\\laravel\\framework\\src\\Illuminate\\Cache\\CacheServiceProvider.php(35): Illuminate\\Cache\\CacheManager->driver()
#11 C:\\Users\\krist\\Documents\\PHP\\bosservice-laravel\\vendor\\laravel\\framework\\src\\Illuminate\\Container\\Container.php(873): Illuminate\\Cache\\CacheServiceProvider->Illuminate\\Cache\\{closure}()
#12 C:\\Users\\krist\\Documents\\PHP\\bosservice-laravel\\vendor\\laravel\\framework\\src\\Illuminate\\Container\\Container.php(758): Illuminate\\Container\\Container->build()
#13 C:\\Users\\krist\\Documents\\PHP\\bosservice-laravel\\vendor\\laravel\\framework\\src\\Illuminate\\Foundation\\Application.php(853): Illuminate\\Container\\Container->resolve()
#14 C:\\Users\\krist\\Documents\\PHP\\bosservice-laravel\\vendor\\laravel\\framework\\src\\Illuminate\\Container\\Container.php(694): Illuminate\\Foundation\\Application->resolve()
#15 C:\\Users\\krist\\Documents\\PHP\\bosservice-laravel\\vendor\\laravel\\framework\\src\\Illuminate\\Foundation\\Application.php(838): Illuminate\\Container\\Container->make()
#16 C:\\Users\\krist\\Documents\\PHP\\bosservice-laravel\\vendor\\laravel\\framework\\src\\Illuminate\\Container\\Container.php(1419): Illuminate\\Foundation\\Application->make()
#17 C:\\Users\\krist\\Documents\\PHP\\bosservice-laravel\\vendor\\laravel\\framework\\src\\Illuminate\\Support\\Facades\\Facade.php(198): Illuminate\\Container\\Container->offsetGet()
#18 C:\\Users\\krist\\Documents\\PHP\\bosservice-laravel\\vendor\\laravel\\framework\\src\\Illuminate\\Support\\Facades\\Facade.php(166): Illuminate\\Support\\Facades\\Facade::resolveFacadeInstance()
#19 C:\\Users\\krist\\Documents\\PHP\\bosservice-laravel\\vendor\\laravel\\framework\\src\\Illuminate\\Support\\Facades\\Facade.php(255): Illuminate\\Support\\Facades\\Facade::getFacadeRoot()
#20 C:\\Users\\krist\\Documents\\PHP\\bosservice-laravel\\app\\Providers\\RouteServiceProvider.php(48): Illuminate\\Support\\Facades\\Facade::__callStatic()
#21 C:\\Users\\krist\\Documents\\PHP\\bosservice-laravel\\app\\Providers\\RouteServiceProvider.php(27): App\\Providers\\RouteServiceProvider->configureRateLimiting()
#22 C:\\Users\\krist\\Documents\\PHP\\bosservice-laravel\\vendor\\laravel\\framework\\src\\Illuminate\\Container\\BoundMethod.php(36): App\\Providers\\RouteServiceProvider->boot()
#23 C:\\Users\\krist\\Documents\\PHP\\bosservice-laravel\\vendor\\laravel\\framework\\src\\Illuminate\\Container\\Util.php(40): Illuminate\\Container\\BoundMethod::Illuminate\\Container\\{closure}()
#24 C:\\Users\\krist\\Documents\\PHP\\bosservice-laravel\\vendor\\laravel\\framework\\src\\Illuminate\\Container\\BoundMethod.php(93): Illuminate\\Container\\Util::unwrapIfClosure()
#25 C:\\Users\\krist\\Documents\\PHP\\bosservice-laravel\\vendor\\laravel\\framework\\src\\Illuminate\\Container\\BoundMethod.php(35): Illuminate\\Container\\BoundMethod::callBoundMethod()
#26 C:\\Users\\krist\\Documents\\PHP\\bosservice-laravel\\vendor\\laravel\\framework\\src\\Illuminate\\Container\\Container.php(653): Illuminate\\Container\\BoundMethod::call()
#27 C:\\Users\\krist\\Documents\\PHP\\bosservice-laravel\\vendor\\laravel\\framework\\src\\Illuminate\\Foundation\\Application.php(926): Illuminate\\Container\\Container->call()
#28 C:\\Users\\krist\\Documents\\PHP\\bosservice-laravel\\vendor\\laravel\\framework\\src\\Illuminate\\Foundation\\Application.php(907): Illuminate\\Foundation\\Application->bootProvider()
#29 [internal function]: Illuminate\\Foundation\\Application->Illuminate\\Foundation\\{closure}()
#30 C:\\Users\\krist\\Documents\\PHP\\bosservice-laravel\\vendor\\laravel\\framework\\src\\Illuminate\\Foundation\\Application.php(906): array_walk()
#31 C:\\Users\\krist\\Documents\\PHP\\bosservice-laravel\\vendor\\laravel\\framework\\src\\Illuminate\\Foundation\\Bootstrap\\BootProviders.php(17): Illuminate\\Foundation\\Application->boot()
#32 C:\\Users\\krist\\Documents\\PHP\\bosservice-laravel\\vendor\\laravel\\framework\\src\\Illuminate\\Foundation\\Application.php(237): Illuminate\\Foundation\\Bootstrap\\BootProviders->bootstrap()
#33 C:\\Users\\krist\\Documents\\PHP\\bosservice-laravel\\vendor\\laravel\\framework\\src\\Illuminate\\Foundation\\Console\\Kernel.php(310): Illuminate\\Foundation\\Application->bootstrapWith()
#34 C:\\Users\\krist\\Documents\\PHP\\bosservice-laravel\\vendor\\laravel\\framework\\src\\Illuminate\\Foundation\\Console\\Kernel.php(127): Illuminate\\Foundation\\Console\\Kernel->bootstrap()
#35 C:\\Users\\krist\\Documents\\PHP\\bosservice-laravel\\artisan(11): Illuminate\\Foundation\\Console\\Kernel->handle()
#36 {main}

[previous exception] [object] (ReflectionException(code: -1): Class \"db\" does not exist at C:\\Users\\krist\\Documents\\PHP\\bosservice-laravel\\vendor\\laravel\\framework\\src\\Illuminate\\Container\\Container.php:877)
[stacktrace]
#0 C:\\Users\\krist\\Documents\\PHP\\bosservice-laravel\\vendor\\laravel\\framework\\src\\Illuminate\\Container\\Container.php(877): ReflectionClass->__construct()
#1 C:\\Users\\krist\\Documents\\PHP\\bosservice-laravel\\vendor\\laravel\\framework\\src\\Illuminate\\Container\\Container.php(758): Illuminate\\Container\\Container->build()
#2 C:\\Users\\krist\\Documents\\PHP\\bosservice-laravel\\vendor\\laravel\\framework\\src\\Illuminate\\Foundation\\Application.php(853): Illuminate\\Container\\Container->resolve()
#3 C:\\Users\\krist\\Documents\\PHP\\bosservice-laravel\\vendor\\laravel\\framework\\src\\Illuminate\\Container\\Container.php(694): Illuminate\\Foundation\\Application->resolve()
#4 C:\\Users\\krist\\Documents\\PHP\\bosservice-laravel\\vendor\\laravel\\framework\\src\\Illuminate\\Foundation\\Application.php(838): Illuminate\\Container\\Container->make()
#5 C:\\Users\\krist\\Documents\\PHP\\bosservice-laravel\\vendor\\laravel\\framework\\src\\Illuminate\\Container\\Container.php(1419): Illuminate\\Foundation\\Application->make()
#6 C:\\Users\\krist\\Documents\\PHP\\bosservice-laravel\\vendor\\laravel\\framework\\src\\Illuminate\\Cache\\CacheManager.php(217): Illuminate\\Container\\Container->offsetGet()
#7 C:\\Users\\krist\\Documents\\PHP\\bosservice-laravel\\vendor\\laravel\\framework\\src\\Illuminate\\Cache\\CacheManager.php(107): Illuminate\\Cache\\CacheManager->createDatabaseDriver()
#8 C:\\Users\\krist\\Documents\\PHP\\bosservice-laravel\\vendor\\laravel\\framework\\src\\Illuminate\\Cache\\CacheManager.php(82): Illuminate\\Cache\\CacheManager->resolve()
#9 C:\\Users\\krist\\Documents\\PHP\\bosservice-laravel\\vendor\\laravel\\framework\\src\\Illuminate\\Cache\\CacheManager.php(60): Illuminate\\Cache\\CacheManager->get()
#10 C:\\Users\\krist\\Documents\\PHP\\bosservice-laravel\\vendor\\laravel\\framework\\src\\Illuminate\\Cache\\CacheManager.php(71): Illuminate\\Cache\\CacheManager->store()
#11 C:\\Users\\krist\\Documents\\PHP\\bosservice-laravel\\vendor\\laravel\\framework\\src\\Illuminate\\Cache\\CacheServiceProvider.php(35): Illuminate\\Cache\\CacheManager->driver()
#12 C:\\Users\\krist\\Documents\\PHP\\bosservice-laravel\\vendor\\laravel\\framework\\src\\Illuminate\\Container\\Container.php(873): Illuminate\\Cache\\CacheServiceProvider->Illuminate\\Cache\\{closure}()
#13 C:\\Users\\krist\\Documents\\PHP\\bosservice-laravel\\vendor\\laravel\\framework\\src\\Illuminate\\Container\\Container.php(758): Illuminate\\Container\\Container->build()
#14 C:\\Users\\krist\\Documents\\PHP\\bosservice-laravel\\vendor\\laravel\\framework\\src\\Illuminate\\Foundation\\Application.php(853): Illuminate\\Container\\Container->resolve()
#15 C:\\Users\\krist\\Documents\\PHP\\bosservice-laravel\\vendor\\laravel\\framework\\src\\Illuminate\\Container\\Container.php(694): Illuminate\\Foundation\\Application->resolve()
#16 C:\\Users\\krist\\Documents\\PHP\\bosservice-laravel\\vendor\\laravel\\framework\\src\\Illuminate\\Foundation\\Application.php(838): Illuminate\\Container\\Container->make()
#17 C:\\Users\\krist\\Documents\\PHP\\bosservice-laravel\\vendor\\laravel\\framework\\src\\Illuminate\\Container\\Container.php(1419): Illuminate\\Foundation\\Application->make()
#18 C:\\Users\\krist\\Documents\\PHP\\bosservice-laravel\\vendor\\laravel\\framework\\src\\Illuminate\\Support\\Facades\\Facade.php(198): Illuminate\\Container\\Container->offsetGet()
#19 C:\\Users\\krist\\Documents\\PHP\\bosservice-laravel\\vendor\\laravel\\framework\\src\\Illuminate\\Support\\Facades\\Facade.php(166): Illuminate\\Support\\Facades\\Facade::resolveFacadeInstance()
#20 C:\\Users\\krist\\Documents\\PHP\\bosservice-laravel\\vendor\\laravel\\framework\\src\\Illuminate\\Support\\Facades\\Facade.php(255): Illuminate\\Support\\Facades\\Facade::getFacadeRoot()
#21 C:\\Users\\krist\\Documents\\PHP\\bosservice-laravel\\app\\Providers\\RouteServiceProvider.php(48): Illuminate\\Support\\Facades\\Facade::__callStatic()
#22 C:\\Users\\krist\\Documents\\PHP\\bosservice-laravel\\app\\Providers\\RouteServiceProvider.php(27): App\\Providers\\RouteServiceProvider->configureRateLimiting()
#23 C:\\Users\\krist\\Documents\\PHP\\bosservice-laravel\\vendor\\laravel\\framework\\src\\Illuminate\\Container\\BoundMethod.php(36): App\\Providers\\RouteServiceProvider->boot()
#24 C:\\Users\\krist\\Documents\\PHP\\bosservice-laravel\\vendor\\laravel\\framework\\src\\Illuminate\\Container\\Util.php(40): Illuminate\\Container\\BoundMethod::Illuminate\\Container\\{closure}()
#25 C:\\Users\\krist\\Documents\\PHP\\bosservice-laravel\\vendor\\laravel\\framework\\src\\Illuminate\\Container\\BoundMethod.php(93): Illuminate\\Container\\Util::unwrapIfClosure()
#26 C:\\Users\\krist\\Documents\\PHP\\bosservice-laravel\\vendor\\laravel\\framework\\src\\Illuminate\\Container\\BoundMethod.php(35): Illuminate\\Container\\BoundMethod::callBoundMethod()
#27 C:\\Users\\krist\\Documents\\PHP\\bosservice-laravel\\vendor\\laravel\\framework\\src\\Illuminate\\Container\\Container.php(653): Illuminate\\Container\\BoundMethod::call()
#28 C:\\Users\\krist\\Documents\\PHP\\bosservice-laravel\\vendor\\laravel\\framework\\src\\Illuminate\\Foundation\\Application.php(926): Illuminate\\Container\\Container->call()
#29 C:\\Users\\krist\\Documents\\PHP\\bosservice-laravel\\vendor\\laravel\\framework\\src\\Illuminate\\Foundation\\Application.php(907): Illuminate\\Foundation\\Application->bootProvider()
#30 [internal function]: Illuminate\\Foundation\\Application->Illuminate\\Foundation\\{closure}()
#31 C:\\Users\\krist\\Documents\\PHP\\bosservice-laravel\\vendor\\laravel\\framework\\src\\Illuminate\\Foundation\\Application.php(906): array_walk()
#32 C:\\Users\\krist\\Documents\\PHP\\bosservice-laravel\\vendor\\laravel\\framework\\src\\Illuminate\\Foundation\\Bootstrap\\BootProviders.php(17): Illuminate\\Foundation\\Application->boot()
#33 C:\\Users\\krist\\Documents\\PHP\\bosservice-laravel\\vendor\\laravel\\framework\\src\\Illuminate\\Foundation\\Application.php(237): Illuminate\\Foundation\\Bootstrap\\BootProviders->bootstrap()
#34 C:\\Users\\krist\\Documents\\PHP\\bosservice-laravel\\vendor\\laravel\\framework\\src\\Illuminate\\Foundation\\Console\\Kernel.php(310): Illuminate\\Foundation\\Application->bootstrapWith()
#35 C:\\Users\\krist\\Documents\\PHP\\bosservice-laravel\\vendor\\laravel\\framework\\src\\Illuminate\\Foundation\\Console\\Kernel.php(127): Illuminate\\Foundation\\Console\\Kernel->bootstrap()
#36 C:\\Users\\krist\\Documents\\PHP\\bosservice-laravel\\artisan(11): Illuminate\\Foundation\\Console\\Kernel->handle()
#37 {main}
"} 
[2025-02-20 16:32:37] production.ERROR: Database (C:\Users\krist\Documents\PHP\bosservice-laravel\database\database.sqlite) does not exist. (SQL: PRAGMA foreign_keys = ON;) {"exception":"[object] (Illuminate\\Database\\QueryException(code: 0): Database (C:\\Users\\krist\\Documents\\PHP\\bosservice-laravel\\database\\database.sqlite) does not exist. (SQL: PRAGMA foreign_keys = ON;) at C:\\Users\\krist\\Documents\\PHP\\bosservice-laravel\\vendor\\laravel\\framework\\src\\Illuminate\\Database\\Connection.php:712)
[stacktrace]
#0 C:\\Users\\krist\\Documents\\PHP\\bosservice-laravel\\vendor\\laravel\\framework\\src\\Illuminate\\Database\\Connection.php(672): Illuminate\\Database\\Connection->runQueryCallback()
#1 C:\\Users\\krist\\Documents\\PHP\\bosservice-laravel\\vendor\\laravel\\framework\\src\\Illuminate\\Database\\Connection.php(490): Illuminate\\Database\\Connection->run()
#2 C:\\Users\\krist\\Documents\\PHP\\bosservice-laravel\\vendor\\laravel\\framework\\src\\Illuminate\\Database\\Schema\\Builder.php(339): Illuminate\\Database\\Connection->statement()
#3 C:\\Users\\krist\\Documents\\PHP\\bosservice-laravel\\vendor\\laravel\\framework\\src\\Illuminate\\Database\\SQLiteConnection.php(37): Illuminate\\Database\\Schema\\Builder->enableForeignKeyConstraints()
#4 C:\\Users\\krist\\Documents\\PHP\\bosservice-laravel\\vendor\\laravel\\framework\\src\\Illuminate\\Database\\Connectors\\ConnectionFactory.php(282): Illuminate\\Database\\SQLiteConnection->__construct()
#5 C:\\Users\\krist\\Documents\\PHP\\bosservice-laravel\\vendor\\laravel\\framework\\src\\Illuminate\\Database\\Connectors\\ConnectionFactory.php(75): Illuminate\\Database\\Connectors\\ConnectionFactory->createConnection()
#6 C:\\Users\\krist\\Documents\\PHP\\bosservice-laravel\\vendor\\laravel\\framework\\src\\Illuminate\\Database\\Connectors\\ConnectionFactory.php(50): Illuminate\\Database\\Connectors\\ConnectionFactory->createSingleConnection()
#7 C:\\Users\\krist\\Documents\\PHP\\bosservice-laravel\\vendor\\laravel\\framework\\src\\Illuminate\\Database\\DatabaseManager.php(140): Illuminate\\Database\\Connectors\\ConnectionFactory->make()
#8 C:\\Users\\krist\\Documents\\PHP\\bosservice-laravel\\vendor\\laravel\\framework\\src\\Illuminate\\Database\\DatabaseManager.php(95): Illuminate\\Database\\DatabaseManager->makeConnection()
#9 C:\\Users\\krist\\Documents\\PHP\\bosservice-laravel\\vendor\\laravel\\framework\\src\\Illuminate\\Cache\\CacheManager.php(217): Illuminate\\Database\\DatabaseManager->connection()
#10 C:\\Users\\krist\\Documents\\PHP\\bosservice-laravel\\vendor\\laravel\\framework\\src\\Illuminate\\Cache\\CacheManager.php(107): Illuminate\\Cache\\CacheManager->createDatabaseDriver()
#11 C:\\Users\\krist\\Documents\\PHP\\bosservice-laravel\\vendor\\laravel\\framework\\src\\Illuminate\\Cache\\CacheManager.php(82): Illuminate\\Cache\\CacheManager->resolve()
#12 C:\\Users\\krist\\Documents\\PHP\\bosservice-laravel\\vendor\\laravel\\framework\\src\\Illuminate\\Cache\\CacheManager.php(60): Illuminate\\Cache\\CacheManager->get()
#13 C:\\Users\\krist\\Documents\\PHP\\bosservice-laravel\\vendor\\laravel\\framework\\src\\Illuminate\\Cache\\CacheManager.php(71): Illuminate\\Cache\\CacheManager->store()
#14 C:\\Users\\krist\\Documents\\PHP\\bosservice-laravel\\vendor\\laravel\\framework\\src\\Illuminate\\Cache\\CacheServiceProvider.php(35): Illuminate\\Cache\\CacheManager->driver()
#15 C:\\Users\\krist\\Documents\\PHP\\bosservice-laravel\\vendor\\laravel\\framework\\src\\Illuminate\\Container\\Container.php(873): Illuminate\\Cache\\CacheServiceProvider->Illuminate\\Cache\\{closure}()
#16 C:\\Users\\krist\\Documents\\PHP\\bosservice-laravel\\vendor\\laravel\\framework\\src\\Illuminate\\Container\\Container.php(758): Illuminate\\Container\\Container->build()
#17 C:\\Users\\krist\\Documents\\PHP\\bosservice-laravel\\vendor\\laravel\\framework\\src\\Illuminate\\Foundation\\Application.php(853): Illuminate\\Container\\Container->resolve()
#18 C:\\Users\\krist\\Documents\\PHP\\bosservice-laravel\\vendor\\laravel\\framework\\src\\Illuminate\\Container\\Container.php(694): Illuminate\\Foundation\\Application->resolve()
#19 C:\\Users\\krist\\Documents\\PHP\\bosservice-laravel\\vendor\\laravel\\framework\\src\\Illuminate\\Foundation\\Application.php(838): Illuminate\\Container\\Container->make()
#20 C:\\Users\\krist\\Documents\\PHP\\bosservice-laravel\\vendor\\laravel\\framework\\src\\Illuminate\\Container\\Container.php(1419): Illuminate\\Foundation\\Application->make()
#21 C:\\Users\\krist\\Documents\\PHP\\bosservice-laravel\\vendor\\laravel\\framework\\src\\Illuminate\\Support\\Facades\\Facade.php(198): Illuminate\\Container\\Container->offsetGet()
#22 C:\\Users\\krist\\Documents\\PHP\\bosservice-laravel\\vendor\\laravel\\framework\\src\\Illuminate\\Support\\Facades\\Facade.php(166): Illuminate\\Support\\Facades\\Facade::resolveFacadeInstance()
#23 C:\\Users\\krist\\Documents\\PHP\\bosservice-laravel\\vendor\\laravel\\framework\\src\\Illuminate\\Support\\Facades\\Facade.php(255): Illuminate\\Support\\Facades\\Facade::getFacadeRoot()
#24 C:\\Users\\krist\\Documents\\PHP\\bosservice-laravel\\app\\Providers\\RouteServiceProvider.php(48): Illuminate\\Support\\Facades\\Facade::__callStatic()
#25 C:\\Users\\krist\\Documents\\PHP\\bosservice-laravel\\app\\Providers\\RouteServiceProvider.php(27): App\\Providers\\RouteServiceProvider->configureRateLimiting()
#26 C:\\Users\\krist\\Documents\\PHP\\bosservice-laravel\\vendor\\laravel\\framework\\src\\Illuminate\\Container\\BoundMethod.php(36): App\\Providers\\RouteServiceProvider->boot()
#27 C:\\Users\\krist\\Documents\\PHP\\bosservice-laravel\\vendor\\laravel\\framework\\src\\Illuminate\\Container\\Util.php(40): Illuminate\\Container\\BoundMethod::Illuminate\\Container\\{closure}()
#28 C:\\Users\\krist\\Documents\\PHP\\bosservice-laravel\\vendor\\laravel\\framework\\src\\Illuminate\\Container\\BoundMethod.php(93): Illuminate\\Container\\Util::unwrapIfClosure()
#29 C:\\Users\\krist\\Documents\\PHP\\bosservice-laravel\\vendor\\laravel\\framework\\src\\Illuminate\\Container\\BoundMethod.php(35): Illuminate\\Container\\BoundMethod::callBoundMethod()
#30 C:\\Users\\krist\\Documents\\PHP\\bosservice-laravel\\vendor\\laravel\\framework\\src\\Illuminate\\Container\\Container.php(653): Illuminate\\Container\\BoundMethod::call()
#31 C:\\Users\\krist\\Documents\\PHP\\bosservice-laravel\\vendor\\laravel\\framework\\src\\Illuminate\\Foundation\\Application.php(926): Illuminate\\Container\\Container->call()
#32 C:\\Users\\krist\\Documents\\PHP\\bosservice-laravel\\vendor\\laravel\\framework\\src\\Illuminate\\Foundation\\Application.php(907): Illuminate\\Foundation\\Application->bootProvider()
#33 [internal function]: Illuminate\\Foundation\\Application->Illuminate\\Foundation\\{closure}()
#34 C:\\Users\\krist\\Documents\\PHP\\bosservice-laravel\\vendor\\laravel\\framework\\src\\Illuminate\\Foundation\\Application.php(906): array_walk()
#35 C:\\Users\\krist\\Documents\\PHP\\bosservice-laravel\\vendor\\laravel\\framework\\src\\Illuminate\\Foundation\\Bootstrap\\BootProviders.php(17): Illuminate\\Foundation\\Application->boot()
#36 C:\\Users\\krist\\Documents\\PHP\\bosservice-laravel\\vendor\\laravel\\framework\\src\\Illuminate\\Foundation\\Application.php(237): Illuminate\\Foundation\\Bootstrap\\BootProviders->bootstrap()
#37 C:\\Users\\krist\\Documents\\PHP\\bosservice-laravel\\vendor\\laravel\\framework\\src\\Illuminate\\Foundation\\Console\\Kernel.php(310): Illuminate\\Foundation\\Application->bootstrapWith()
#38 C:\\Users\\krist\\Documents\\PHP\\bosservice-laravel\\vendor\\laravel\\framework\\src\\Illuminate\\Foundation\\Console\\Kernel.php(127): Illuminate\\Foundation\\Console\\Kernel->bootstrap()
#39 C:\\Users\\krist\\Documents\\PHP\\bosservice-laravel\\artisan(11): Illuminate\\Foundation\\Console\\Kernel->handle()
#40 {main}

[previous exception] [object] (InvalidArgumentException(code: 0): Database (C:\\Users\\krist\\Documents\\PHP\\bosservice-laravel\\database\\database.sqlite) does not exist. at C:\\Users\\krist\\Documents\\PHP\\bosservice-laravel\\vendor\\laravel\\framework\\src\\Illuminate\\Database\\Connectors\\SQLiteConnector.php:34)
[stacktrace]
#0 C:\\Users\\krist\\Documents\\PHP\\bosservice-laravel\\vendor\\laravel\\framework\\src\\Illuminate\\Database\\Connectors\\ConnectionFactory.php(222): Illuminate\\Database\\Connectors\\SQLiteConnector->connect()
#1 [internal function]: Illuminate\\Database\\Connectors\\ConnectionFactory->Illuminate\\Database\\Connectors\\{closure}()
#2 C:\\Users\\krist\\Documents\\PHP\\bosservice-laravel\\vendor\\laravel\\framework\\src\\Illuminate\\Database\\Connection.php(1064): call_user_func()
#3 C:\\Users\\krist\\Documents\\PHP\\bosservice-laravel\\vendor\\laravel\\framework\\src\\Illuminate\\Database\\Connection.php(495): Illuminate\\Database\\Connection->getPdo()
#4 C:\\Users\\krist\\Documents\\PHP\\bosservice-laravel\\vendor\\laravel\\framework\\src\\Illuminate\\Database\\Connection.php(705): Illuminate\\Database\\Connection->Illuminate\\Database\\{closure}()
#5 C:\\Users\\krist\\Documents\\PHP\\bosservice-laravel\\vendor\\laravel\\framework\\src\\Illuminate\\Database\\Connection.php(672): Illuminate\\Database\\Connection->runQueryCallback()
#6 C:\\Users\\krist\\Documents\\PHP\\bosservice-laravel\\vendor\\laravel\\framework\\src\\Illuminate\\Database\\Connection.php(490): Illuminate\\Database\\Connection->run()
#7 C:\\Users\\krist\\Documents\\PHP\\bosservice-laravel\\vendor\\laravel\\framework\\src\\Illuminate\\Database\\Schema\\Builder.php(339): Illuminate\\Database\\Connection->statement()
#8 C:\\Users\\krist\\Documents\\PHP\\bosservice-laravel\\vendor\\laravel\\framework\\src\\Illuminate\\Database\\SQLiteConnection.php(37): Illuminate\\Database\\Schema\\Builder->enableForeignKeyConstraints()
#9 C:\\Users\\krist\\Documents\\PHP\\bosservice-laravel\\vendor\\laravel\\framework\\src\\Illuminate\\Database\\Connectors\\ConnectionFactory.php(282): Illuminate\\Database\\SQLiteConnection->__construct()
#10 C:\\Users\\krist\\Documents\\PHP\\bosservice-laravel\\vendor\\laravel\\framework\\src\\Illuminate\\Database\\Connectors\\ConnectionFactory.php(75): Illuminate\\Database\\Connectors\\ConnectionFactory->createConnection()
#11 C:\\Users\\krist\\Documents\\PHP\\bosservice-laravel\\vendor\\laravel\\framework\\src\\Illuminate\\Database\\Connectors\\ConnectionFactory.php(50): Illuminate\\Database\\Connectors\\ConnectionFactory->createSingleConnection()
#12 C:\\Users\\krist\\Documents\\PHP\\bosservice-laravel\\vendor\\laravel\\framework\\src\\Illuminate\\Database\\DatabaseManager.php(140): Illuminate\\Database\\Connectors\\ConnectionFactory->make()
#13 C:\\Users\\krist\\Documents\\PHP\\bosservice-laravel\\vendor\\laravel\\framework\\src\\Illuminate\\Database\\DatabaseManager.php(95): Illuminate\\Database\\DatabaseManager->makeConnection()
#14 C:\\Users\\krist\\Documents\\PHP\\bosservice-laravel\\vendor\\laravel\\framework\\src\\Illuminate\\Cache\\CacheManager.php(217): Illuminate\\Database\\DatabaseManager->connection()
#15 C:\\Users\\krist\\Documents\\PHP\\bosservice-laravel\\vendor\\laravel\\framework\\src\\Illuminate\\Cache\\CacheManager.php(107): Illuminate\\Cache\\CacheManager->createDatabaseDriver()
#16 C:\\Users\\krist\\Documents\\PHP\\bosservice-laravel\\vendor\\laravel\\framework\\src\\Illuminate\\Cache\\CacheManager.php(82): Illuminate\\Cache\\CacheManager->resolve()
#17 C:\\Users\\krist\\Documents\\PHP\\bosservice-laravel\\vendor\\laravel\\framework\\src\\Illuminate\\Cache\\CacheManager.php(60): Illuminate\\Cache\\CacheManager->get()
#18 C:\\Users\\krist\\Documents\\PHP\\bosservice-laravel\\vendor\\laravel\\framework\\src\\Illuminate\\Cache\\CacheManager.php(71): Illuminate\\Cache\\CacheManager->store()
#19 C:\\Users\\krist\\Documents\\PHP\\bosservice-laravel\\vendor\\laravel\\framework\\src\\Illuminate\\Cache\\CacheServiceProvider.php(35): Illuminate\\Cache\\CacheManager->driver()
#20 C:\\Users\\krist\\Documents\\PHP\\bosservice-laravel\\vendor\\laravel\\framework\\src\\Illuminate\\Container\\Container.php(873): Illuminate\\Cache\\CacheServiceProvider->Illuminate\\Cache\\{closure}()
#21 C:\\Users\\krist\\Documents\\PHP\\bosservice-laravel\\vendor\\laravel\\framework\\src\\Illuminate\\Container\\Container.php(758): Illuminate\\Container\\Container->build()
#22 C:\\Users\\krist\\Documents\\PHP\\bosservice-laravel\\vendor\\laravel\\framework\\src\\Illuminate\\Foundation\\Application.php(853): Illuminate\\Container\\Container->resolve()
#23 C:\\Users\\krist\\Documents\\PHP\\bosservice-laravel\\vendor\\laravel\\framework\\src\\Illuminate\\Container\\Container.php(694): Illuminate\\Foundation\\Application->resolve()
#24 C:\\Users\\krist\\Documents\\PHP\\bosservice-laravel\\vendor\\laravel\\framework\\src\\Illuminate\\Foundation\\Application.php(838): Illuminate\\Container\\Container->make()
#25 C:\\Users\\krist\\Documents\\PHP\\bosservice-laravel\\vendor\\laravel\\framework\\src\\Illuminate\\Container\\Container.php(1419): Illuminate\\Foundation\\Application->make()
#26 C:\\Users\\krist\\Documents\\PHP\\bosservice-laravel\\vendor\\laravel\\framework\\src\\Illuminate\\Support\\Facades\\Facade.php(198): Illuminate\\Container\\Container->offsetGet()
#27 C:\\Users\\krist\\Documents\\PHP\\bosservice-laravel\\vendor\\laravel\\framework\\src\\Illuminate\\Support\\Facades\\Facade.php(166): Illuminate\\Support\\Facades\\Facade::resolveFacadeInstance()
#28 C:\\Users\\krist\\Documents\\PHP\\bosservice-laravel\\vendor\\laravel\\framework\\src\\Illuminate\\Support\\Facades\\Facade.php(255): Illuminate\\Support\\Facades\\Facade::getFacadeRoot()
#29 C:\\Users\\krist\\Documents\\PHP\\bosservice-laravel\\app\\Providers\\RouteServiceProvider.php(48): Illuminate\\Support\\Facades\\Facade::__callStatic()
#30 C:\\Users\\krist\\Documents\\PHP\\bosservice-laravel\\app\\Providers\\RouteServiceProvider.php(27): App\\Providers\\RouteServiceProvider->configureRateLimiting()
#31 C:\\Users\\krist\\Documents\\PHP\\bosservice-laravel\\vendor\\laravel\\framework\\src\\Illuminate\\Container\\BoundMethod.php(36): App\\Providers\\RouteServiceProvider->boot()
#32 C:\\Users\\krist\\Documents\\PHP\\bosservice-laravel\\vendor\\laravel\\framework\\src\\Illuminate\\Container\\Util.php(40): Illuminate\\Container\\BoundMethod::Illuminate\\Container\\{closure}()
#33 C:\\Users\\krist\\Documents\\PHP\\bosservice-laravel\\vendor\\laravel\\framework\\src\\Illuminate\\Container\\BoundMethod.php(93): Illuminate\\Container\\Util::unwrapIfClosure()
#34 C:\\Users\\krist\\Documents\\PHP\\bosservice-laravel\\vendor\\laravel\\framework\\src\\Illuminate\\Container\\BoundMethod.php(35): Illuminate\\Container\\BoundMethod::callBoundMethod()
#35 C:\\Users\\krist\\Documents\\PHP\\bosservice-laravel\\vendor\\laravel\\framework\\src\\Illuminate\\Container\\Container.php(653): Illuminate\\Container\\BoundMethod::call()
#36 C:\\Users\\krist\\Documents\\PHP\\bosservice-laravel\\vendor\\laravel\\framework\\src\\Illuminate\\Foundation\\Application.php(926): Illuminate\\Container\\Container->call()
#37 C:\\Users\\krist\\Documents\\PHP\\bosservice-laravel\\vendor\\laravel\\framework\\src\\Illuminate\\Foundation\\Application.php(907): Illuminate\\Foundation\\Application->bootProvider()
#38 [internal function]: Illuminate\\Foundation\\Application->Illuminate\\Foundation\\{closure}()
#39 C:\\Users\\krist\\Documents\\PHP\\bosservice-laravel\\vendor\\laravel\\framework\\src\\Illuminate\\Foundation\\Application.php(906): array_walk()
#40 C:\\Users\\krist\\Documents\\PHP\\bosservice-laravel\\vendor\\laravel\\framework\\src\\Illuminate\\Foundation\\Bootstrap\\BootProviders.php(17): Illuminate\\Foundation\\Application->boot()
#41 C:\\Users\\krist\\Documents\\PHP\\bosservice-laravel\\vendor\\laravel\\framework\\src\\Illuminate\\Foundation\\Application.php(237): Illuminate\\Foundation\\Bootstrap\\BootProviders->bootstrap()
#42 C:\\Users\\krist\\Documents\\PHP\\bosservice-laravel\\vendor\\laravel\\framework\\src\\Illuminate\\Foundation\\Console\\Kernel.php(310): Illuminate\\Foundation\\Application->bootstrapWith()
#43 C:\\Users\\krist\\Documents\\PHP\\bosservice-laravel\\vendor\\laravel\\framework\\src\\Illuminate\\Foundation\\Console\\Kernel.php(127): Illuminate\\Foundation\\Console\\Kernel->bootstrap()
#44 C:\\Users\\krist\\Documents\\PHP\\bosservice-laravel\\artisan(11): Illuminate\\Foundation\\Console\\Kernel->handle()
#45 {main}
"} 
[2025-02-20 16:32:38] production.ERROR: Database (C:\Users\krist\Documents\PHP\bosservice-laravel\database\database.sqlite) does not exist. (SQL: PRAGMA foreign_keys = ON;) {"exception":"[object] (Illuminate\\Database\\QueryException(code: 0): Database (C:\\Users\\krist\\Documents\\PHP\\bosservice-laravel\\database\\database.sqlite) does not exist. (SQL: PRAGMA foreign_keys = ON;) at C:\\Users\\krist\\Documents\\PHP\\bosservice-laravel\\vendor\\laravel\\framework\\src\\Illuminate\\Database\\Connection.php:712)
[stacktrace]
#0 C:\\Users\\krist\\Documents\\PHP\\bosservice-laravel\\vendor\\laravel\\framework\\src\\Illuminate\\Database\\Connection.php(672): Illuminate\\Database\\Connection->runQueryCallback()
#1 C:\\Users\\krist\\Documents\\PHP\\bosservice-laravel\\vendor\\laravel\\framework\\src\\Illuminate\\Database\\Connection.php(490): Illuminate\\Database\\Connection->run()
#2 C:\\Users\\krist\\Documents\\PHP\\bosservice-laravel\\vendor\\laravel\\framework\\src\\Illuminate\\Database\\Schema\\Builder.php(339): Illuminate\\Database\\Connection->statement()
#3 C:\\Users\\krist\\Documents\\PHP\\bosservice-laravel\\vendor\\laravel\\framework\\src\\Illuminate\\Database\\SQLiteConnection.php(37): Illuminate\\Database\\Schema\\Builder->enableForeignKeyConstraints()
#4 C:\\Users\\krist\\Documents\\PHP\\bosservice-laravel\\vendor\\laravel\\framework\\src\\Illuminate\\Database\\Connectors\\ConnectionFactory.php(282): Illuminate\\Database\\SQLiteConnection->__construct()
#5 C:\\Users\\krist\\Documents\\PHP\\bosservice-laravel\\vendor\\laravel\\framework\\src\\Illuminate\\Database\\Connectors\\ConnectionFactory.php(75): Illuminate\\Database\\Connectors\\ConnectionFactory->createConnection()
#6 C:\\Users\\krist\\Documents\\PHP\\bosservice-laravel\\vendor\\laravel\\framework\\src\\Illuminate\\Database\\Connectors\\ConnectionFactory.php(50): Illuminate\\Database\\Connectors\\ConnectionFactory->createSingleConnection()
#7 C:\\Users\\krist\\Documents\\PHP\\bosservice-laravel\\vendor\\laravel\\framework\\src\\Illuminate\\Database\\DatabaseManager.php(140): Illuminate\\Database\\Connectors\\ConnectionFactory->make()
#8 C:\\Users\\krist\\Documents\\PHP\\bosservice-laravel\\vendor\\laravel\\framework\\src\\Illuminate\\Database\\DatabaseManager.php(95): Illuminate\\Database\\DatabaseManager->makeConnection()
#9 C:\\Users\\krist\\Documents\\PHP\\bosservice-laravel\\vendor\\laravel\\framework\\src\\Illuminate\\Cache\\CacheManager.php(217): Illuminate\\Database\\DatabaseManager->connection()
#10 C:\\Users\\krist\\Documents\\PHP\\bosservice-laravel\\vendor\\laravel\\framework\\src\\Illuminate\\Cache\\CacheManager.php(107): Illuminate\\Cache\\CacheManager->createDatabaseDriver()
#11 C:\\Users\\krist\\Documents\\PHP\\bosservice-laravel\\vendor\\laravel\\framework\\src\\Illuminate\\Cache\\CacheManager.php(82): Illuminate\\Cache\\CacheManager->resolve()
#12 C:\\Users\\krist\\Documents\\PHP\\bosservice-laravel\\vendor\\laravel\\framework\\src\\Illuminate\\Cache\\CacheManager.php(60): Illuminate\\Cache\\CacheManager->get()
#13 C:\\Users\\krist\\Documents\\PHP\\bosservice-laravel\\vendor\\laravel\\framework\\src\\Illuminate\\Cache\\CacheManager.php(71): Illuminate\\Cache\\CacheManager->store()
#14 C:\\Users\\krist\\Documents\\PHP\\bosservice-laravel\\vendor\\laravel\\framework\\src\\Illuminate\\Cache\\CacheServiceProvider.php(35): Illuminate\\Cache\\CacheManager->driver()
#15 C:\\Users\\krist\\Documents\\PHP\\bosservice-laravel\\vendor\\laravel\\framework\\src\\Illuminate\\Container\\Container.php(873): Illuminate\\Cache\\CacheServiceProvider->Illuminate\\Cache\\{closure}()
#16 C:\\Users\\krist\\Documents\\PHP\\bosservice-laravel\\vendor\\laravel\\framework\\src\\Illuminate\\Container\\Container.php(758): Illuminate\\Container\\Container->build()
#17 C:\\Users\\krist\\Documents\\PHP\\bosservice-laravel\\vendor\\laravel\\framework\\src\\Illuminate\\Foundation\\Application.php(853): Illuminate\\Container\\Container->resolve()
#18 C:\\Users\\krist\\Documents\\PHP\\bosservice-laravel\\vendor\\laravel\\framework\\src\\Illuminate\\Container\\Container.php(694): Illuminate\\Foundation\\Application->resolve()
#19 C:\\Users\\krist\\Documents\\PHP\\bosservice-laravel\\vendor\\laravel\\framework\\src\\Illuminate\\Foundation\\Application.php(838): Illuminate\\Container\\Container->make()
#20 C:\\Users\\krist\\Documents\\PHP\\bosservice-laravel\\vendor\\laravel\\framework\\src\\Illuminate\\Container\\Container.php(1419): Illuminate\\Foundation\\Application->make()
#21 C:\\Users\\krist\\Documents\\PHP\\bosservice-laravel\\vendor\\laravel\\framework\\src\\Illuminate\\Support\\Facades\\Facade.php(198): Illuminate\\Container\\Container->offsetGet()
#22 C:\\Users\\krist\\Documents\\PHP\\bosservice-laravel\\vendor\\laravel\\framework\\src\\Illuminate\\Support\\Facades\\Facade.php(166): Illuminate\\Support\\Facades\\Facade::resolveFacadeInstance()
#23 C:\\Users\\krist\\Documents\\PHP\\bosservice-laravel\\vendor\\laravel\\framework\\src\\Illuminate\\Support\\Facades\\Facade.php(255): Illuminate\\Support\\Facades\\Facade::getFacadeRoot()
#24 C:\\Users\\krist\\Documents\\PHP\\bosservice-laravel\\app\\Providers\\RouteServiceProvider.php(48): Illuminate\\Support\\Facades\\Facade::__callStatic()
#25 C:\\Users\\krist\\Documents\\PHP\\bosservice-laravel\\app\\Providers\\RouteServiceProvider.php(27): App\\Providers\\RouteServiceProvider->configureRateLimiting()
#26 C:\\Users\\krist\\Documents\\PHP\\bosservice-laravel\\vendor\\laravel\\framework\\src\\Illuminate\\Container\\BoundMethod.php(36): App\\Providers\\RouteServiceProvider->boot()
#27 C:\\Users\\krist\\Documents\\PHP\\bosservice-laravel\\vendor\\laravel\\framework\\src\\Illuminate\\Container\\Util.php(40): Illuminate\\Container\\BoundMethod::Illuminate\\Container\\{closure}()
#28 C:\\Users\\krist\\Documents\\PHP\\bosservice-laravel\\vendor\\laravel\\framework\\src\\Illuminate\\Container\\BoundMethod.php(93): Illuminate\\Container\\Util::unwrapIfClosure()
#29 C:\\Users\\krist\\Documents\\PHP\\bosservice-laravel\\vendor\\laravel\\framework\\src\\Illuminate\\Container\\BoundMethod.php(35): Illuminate\\Container\\BoundMethod::callBoundMethod()
#30 C:\\Users\\krist\\Documents\\PHP\\bosservice-laravel\\vendor\\laravel\\framework\\src\\Illuminate\\Container\\Container.php(653): Illuminate\\Container\\BoundMethod::call()
#31 C:\\Users\\krist\\Documents\\PHP\\bosservice-laravel\\vendor\\laravel\\framework\\src\\Illuminate\\Foundation\\Application.php(926): Illuminate\\Container\\Container->call()
#32 C:\\Users\\krist\\Documents\\PHP\\bosservice-laravel\\vendor\\laravel\\framework\\src\\Illuminate\\Foundation\\Application.php(907): Illuminate\\Foundation\\Application->bootProvider()
#33 [internal function]: Illuminate\\Foundation\\Application->Illuminate\\Foundation\\{closure}()
#34 C:\\Users\\krist\\Documents\\PHP\\bosservice-laravel\\vendor\\laravel\\framework\\src\\Illuminate\\Foundation\\Application.php(906): array_walk()
#35 C:\\Users\\krist\\Documents\\PHP\\bosservice-laravel\\vendor\\laravel\\framework\\src\\Illuminate\\Foundation\\Bootstrap\\BootProviders.php(17): Illuminate\\Foundation\\Application->boot()
#36 C:\\Users\\krist\\Documents\\PHP\\bosservice-laravel\\vendor\\laravel\\framework\\src\\Illuminate\\Foundation\\Application.php(237): Illuminate\\Foundation\\Bootstrap\\BootProviders->bootstrap()
#37 C:\\Users\\krist\\Documents\\PHP\\bosservice-laravel\\vendor\\laravel\\framework\\src\\Illuminate\\Foundation\\Console\\Kernel.php(310): Illuminate\\Foundation\\Application->bootstrapWith()
#38 C:\\Users\\krist\\Documents\\PHP\\bosservice-laravel\\vendor\\laravel\\framework\\src\\Illuminate\\Foundation\\Console\\Kernel.php(127): Illuminate\\Foundation\\Console\\Kernel->bootstrap()
#39 C:\\Users\\krist\\Documents\\PHP\\bosservice-laravel\\artisan(11): Illuminate\\Foundation\\Console\\Kernel->handle()
#40 {main}

[previous exception] [object] (InvalidArgumentException(code: 0): Database (C:\\Users\\krist\\Documents\\PHP\\bosservice-laravel\\database\\database.sqlite) does not exist. at C:\\Users\\krist\\Documents\\PHP\\bosservice-laravel\\vendor\\laravel\\framework\\src\\Illuminate\\Database\\Connectors\\SQLiteConnector.php:34)
[stacktrace]
#0 C:\\Users\\krist\\Documents\\PHP\\bosservice-laravel\\vendor\\laravel\\framework\\src\\Illuminate\\Database\\Connectors\\ConnectionFactory.php(222): Illuminate\\Database\\Connectors\\SQLiteConnector->connect()
#1 [internal function]: Illuminate\\Database\\Connectors\\ConnectionFactory->Illuminate\\Database\\Connectors\\{closure}()
#2 C:\\Users\\krist\\Documents\\PHP\\bosservice-laravel\\vendor\\laravel\\framework\\src\\Illuminate\\Database\\Connection.php(1064): call_user_func()
#3 C:\\Users\\krist\\Documents\\PHP\\bosservice-laravel\\vendor\\laravel\\framework\\src\\Illuminate\\Database\\Connection.php(495): Illuminate\\Database\\Connection->getPdo()
#4 C:\\Users\\krist\\Documents\\PHP\\bosservice-laravel\\vendor\\laravel\\framework\\src\\Illuminate\\Database\\Connection.php(705): Illuminate\\Database\\Connection->Illuminate\\Database\\{closure}()
#5 C:\\Users\\krist\\Documents\\PHP\\bosservice-laravel\\vendor\\laravel\\framework\\src\\Illuminate\\Database\\Connection.php(672): Illuminate\\Database\\Connection->runQueryCallback()
#6 C:\\Users\\krist\\Documents\\PHP\\bosservice-laravel\\vendor\\laravel\\framework\\src\\Illuminate\\Database\\Connection.php(490): Illuminate\\Database\\Connection->run()
#7 C:\\Users\\krist\\Documents\\PHP\\bosservice-laravel\\vendor\\laravel\\framework\\src\\Illuminate\\Database\\Schema\\Builder.php(339): Illuminate\\Database\\Connection->statement()
#8 C:\\Users\\krist\\Documents\\PHP\\bosservice-laravel\\vendor\\laravel\\framework\\src\\Illuminate\\Database\\SQLiteConnection.php(37): Illuminate\\Database\\Schema\\Builder->enableForeignKeyConstraints()
#9 C:\\Users\\krist\\Documents\\PHP\\bosservice-laravel\\vendor\\laravel\\framework\\src\\Illuminate\\Database\\Connectors\\ConnectionFactory.php(282): Illuminate\\Database\\SQLiteConnection->__construct()
#10 C:\\Users\\krist\\Documents\\PHP\\bosservice-laravel\\vendor\\laravel\\framework\\src\\Illuminate\\Database\\Connectors\\ConnectionFactory.php(75): Illuminate\\Database\\Connectors\\ConnectionFactory->createConnection()
#11 C:\\Users\\krist\\Documents\\PHP\\bosservice-laravel\\vendor\\laravel\\framework\\src\\Illuminate\\Database\\Connectors\\ConnectionFactory.php(50): Illuminate\\Database\\Connectors\\ConnectionFactory->createSingleConnection()
#12 C:\\Users\\krist\\Documents\\PHP\\bosservice-laravel\\vendor\\laravel\\framework\\src\\Illuminate\\Database\\DatabaseManager.php(140): Illuminate\\Database\\Connectors\\ConnectionFactory->make()
#13 C:\\Users\\krist\\Documents\\PHP\\bosservice-laravel\\vendor\\laravel\\framework\\src\\Illuminate\\Database\\DatabaseManager.php(95): Illuminate\\Database\\DatabaseManager->makeConnection()
#14 C:\\Users\\krist\\Documents\\PHP\\bosservice-laravel\\vendor\\laravel\\framework\\src\\Illuminate\\Cache\\CacheManager.php(217): Illuminate\\Database\\DatabaseManager->connection()
#15 C:\\Users\\krist\\Documents\\PHP\\bosservice-laravel\\vendor\\laravel\\framework\\src\\Illuminate\\Cache\\CacheManager.php(107): Illuminate\\Cache\\CacheManager->createDatabaseDriver()
#16 C:\\Users\\krist\\Documents\\PHP\\bosservice-laravel\\vendor\\laravel\\framework\\src\\Illuminate\\Cache\\CacheManager.php(82): Illuminate\\Cache\\CacheManager->resolve()
#17 C:\\Users\\krist\\Documents\\PHP\\bosservice-laravel\\vendor\\laravel\\framework\\src\\Illuminate\\Cache\\CacheManager.php(60): Illuminate\\Cache\\CacheManager->get()
#18 C:\\Users\\krist\\Documents\\PHP\\bosservice-laravel\\vendor\\laravel\\framework\\src\\Illuminate\\Cache\\CacheManager.php(71): Illuminate\\Cache\\CacheManager->store()
#19 C:\\Users\\krist\\Documents\\PHP\\bosservice-laravel\\vendor\\laravel\\framework\\src\\Illuminate\\Cache\\CacheServiceProvider.php(35): Illuminate\\Cache\\CacheManager->driver()
#20 C:\\Users\\krist\\Documents\\PHP\\bosservice-laravel\\vendor\\laravel\\framework\\src\\Illuminate\\Container\\Container.php(873): Illuminate\\Cache\\CacheServiceProvider->Illuminate\\Cache\\{closure}()
#21 C:\\Users\\krist\\Documents\\PHP\\bosservice-laravel\\vendor\\laravel\\framework\\src\\Illuminate\\Container\\Container.php(758): Illuminate\\Container\\Container->build()
#22 C:\\Users\\krist\\Documents\\PHP\\bosservice-laravel\\vendor\\laravel\\framework\\src\\Illuminate\\Foundation\\Application.php(853): Illuminate\\Container\\Container->resolve()
#23 C:\\Users\\krist\\Documents\\PHP\\bosservice-laravel\\vendor\\laravel\\framework\\src\\Illuminate\\Container\\Container.php(694): Illuminate\\Foundation\\Application->resolve()
#24 C:\\Users\\krist\\Documents\\PHP\\bosservice-laravel\\vendor\\laravel\\framework\\src\\Illuminate\\Foundation\\Application.php(838): Illuminate\\Container\\Container->make()
#25 C:\\Users\\krist\\Documents\\PHP\\bosservice-laravel\\vendor\\laravel\\framework\\src\\Illuminate\\Container\\Container.php(1419): Illuminate\\Foundation\\Application->make()
#26 C:\\Users\\krist\\Documents\\PHP\\bosservice-laravel\\vendor\\laravel\\framework\\src\\Illuminate\\Support\\Facades\\Facade.php(198): Illuminate\\Container\\Container->offsetGet()
#27 C:\\Users\\krist\\Documents\\PHP\\bosservice-laravel\\vendor\\laravel\\framework\\src\\Illuminate\\Support\\Facades\\Facade.php(166): Illuminate\\Support\\Facades\\Facade::resolveFacadeInstance()
#28 C:\\Users\\krist\\Documents\\PHP\\bosservice-laravel\\vendor\\laravel\\framework\\src\\Illuminate\\Support\\Facades\\Facade.php(255): Illuminate\\Support\\Facades\\Facade::getFacadeRoot()
#29 C:\\Users\\krist\\Documents\\PHP\\bosservice-laravel\\app\\Providers\\RouteServiceProvider.php(48): Illuminate\\Support\\Facades\\Facade::__callStatic()
#30 C:\\Users\\krist\\Documents\\PHP\\bosservice-laravel\\app\\Providers\\RouteServiceProvider.php(27): App\\Providers\\RouteServiceProvider->configureRateLimiting()
#31 C:\\Users\\krist\\Documents\\PHP\\bosservice-laravel\\vendor\\laravel\\framework\\src\\Illuminate\\Container\\BoundMethod.php(36): App\\Providers\\RouteServiceProvider->boot()
#32 C:\\Users\\krist\\Documents\\PHP\\bosservice-laravel\\vendor\\laravel\\framework\\src\\Illuminate\\Container\\Util.php(40): Illuminate\\Container\\BoundMethod::Illuminate\\Container\\{closure}()
#33 C:\\Users\\krist\\Documents\\PHP\\bosservice-laravel\\vendor\\laravel\\framework\\src\\Illuminate\\Container\\BoundMethod.php(93): Illuminate\\Container\\Util::unwrapIfClosure()
#34 C:\\Users\\krist\\Documents\\PHP\\bosservice-laravel\\vendor\\laravel\\framework\\src\\Illuminate\\Container\\BoundMethod.php(35): Illuminate\\Container\\BoundMethod::callBoundMethod()
#35 C:\\Users\\krist\\Documents\\PHP\\bosservice-laravel\\vendor\\laravel\\framework\\src\\Illuminate\\Container\\Container.php(653): Illuminate\\Container\\BoundMethod::call()
#36 C:\\Users\\krist\\Documents\\PHP\\bosservice-laravel\\vendor\\laravel\\framework\\src\\Illuminate\\Foundation\\Application.php(926): Illuminate\\Container\\Container->call()
#37 C:\\Users\\krist\\Documents\\PHP\\bosservice-laravel\\vendor\\laravel\\framework\\src\\Illuminate\\Foundation\\Application.php(907): Illuminate\\Foundation\\Application->bootProvider()
#38 [internal function]: Illuminate\\Foundation\\Application->Illuminate\\Foundation\\{closure}()
#39 C:\\Users\\krist\\Documents\\PHP\\bosservice-laravel\\vendor\\laravel\\framework\\src\\Illuminate\\Foundation\\Application.php(906): array_walk()
#40 C:\\Users\\krist\\Documents\\PHP\\bosservice-laravel\\vendor\\laravel\\framework\\src\\Illuminate\\Foundation\\Bootstrap\\BootProviders.php(17): Illuminate\\Foundation\\Application->boot()
#41 C:\\Users\\krist\\Documents\\PHP\\bosservice-laravel\\vendor\\laravel\\framework\\src\\Illuminate\\Foundation\\Application.php(237): Illuminate\\Foundation\\Bootstrap\\BootProviders->bootstrap()
#42 C:\\Users\\krist\\Documents\\PHP\\bosservice-laravel\\vendor\\laravel\\framework\\src\\Illuminate\\Foundation\\Console\\Kernel.php(310): Illuminate\\Foundation\\Application->bootstrapWith()
#43 C:\\Users\\krist\\Documents\\PHP\\bosservice-laravel\\vendor\\laravel\\framework\\src\\Illuminate\\Foundation\\Console\\Kernel.php(127): Illuminate\\Foundation\\Console\\Kernel->bootstrap()
#44 C:\\Users\\krist\\Documents\\PHP\\bosservice-laravel\\artisan(11): Illuminate\\Foundation\\Console\\Kernel->handle()
#45 {main}
"} 
[2025-02-20 16:33:04] production.ERROR: Method Illuminate\Foundation\Console\ClosureCommand::hourly does not exist. {"exception":"[object] (BadMethodCallException(code: 0): Method Illuminate\\Foundation\\Console\\ClosureCommand::hourly does not exist. at C:\\Users\\krist\\Documents\\PHP\\bosservice-laravel\\vendor\\laravel\\framework\\src\\Illuminate\\Macroable\\Traits\\Macroable.php:113)
[stacktrace]
#0 C:\\Users\\krist\\Documents\\PHP\\bosservice-laravel\\routes\\console.php(8): Illuminate\\Console\\Command->__call()
#1 C:\\Users\\krist\\Documents\\PHP\\bosservice-laravel\\app\\Console\\Kernel.php(30): require('...')
#2 C:\\Users\\krist\\Documents\\PHP\\bosservice-laravel\\vendor\\laravel\\framework\\src\\Illuminate\\Foundation\\Console\\Kernel.php(316): App\\Console\\Kernel->commands()
#3 C:\\Users\\krist\\Documents\\PHP\\bosservice-laravel\\vendor\\laravel\\framework\\src\\Illuminate\\Foundation\\Console\\Kernel.php(127): Illuminate\\Foundation\\Console\\Kernel->bootstrap()
#4 C:\\Users\\krist\\Documents\\PHP\\bosservice-laravel\\artisan(11): Illuminate\\Foundation\\Console\\Kernel->handle()
#5 {main}
"} 
[2025-02-20 16:33:05] production.ERROR: Method Illuminate\Foundation\Console\ClosureCommand::hourly does not exist. {"exception":"[object] (BadMethodCallException(code: 0): Method Illuminate\\Foundation\\Console\\ClosureCommand::hourly does not exist. at C:\\Users\\krist\\Documents\\PHP\\bosservice-laravel\\vendor\\laravel\\framework\\src\\Illuminate\\Macroable\\Traits\\Macroable.php:113)
[stacktrace]
#0 C:\\Users\\krist\\Documents\\PHP\\bosservice-laravel\\routes\\console.php(8): Illuminate\\Console\\Command->__call()
#1 C:\\Users\\krist\\Documents\\PHP\\bosservice-laravel\\app\\Console\\Kernel.php(30): require('...')
#2 C:\\Users\\krist\\Documents\\PHP\\bosservice-laravel\\vendor\\laravel\\framework\\src\\Illuminate\\Foundation\\Console\\Kernel.php(316): App\\Console\\Kernel->commands()
#3 C:\\Users\\krist\\Documents\\PHP\\bosservice-laravel\\vendor\\laravel\\framework\\src\\Illuminate\\Foundation\\Console\\Kernel.php(127): Illuminate\\Foundation\\Console\\Kernel->bootstrap()
#4 C:\\Users\\krist\\Documents\\PHP\\bosservice-laravel\\artisan(11): Illuminate\\Foundation\\Console\\Kernel->handle()
#5 {main}
"} 
[2025-02-20 16:34:06] production.ERROR: There are no commands defined in the "package" namespace. {"exception":"[object] (Symfony\\Component\\Console\\Exception\\NamespaceNotFoundException(code: 0): There are no commands defined in the \"package\" namespace. at C:\\Users\\krist\\Documents\\PHP\\bosservice-laravel\\vendor\\symfony\\console\\Application.php:650)
[stacktrace]
#0 C:\\Users\\krist\\Documents\\PHP\\bosservice-laravel\\vendor\\symfony\\console\\Application.php(701): Symfony\\Component\\Console\\Application->findNamespace()
#1 C:\\Users\\krist\\Documents\\PHP\\bosservice-laravel\\vendor\\symfony\\console\\Application.php(259): Symfony\\Component\\Console\\Application->find()
#2 C:\\Users\\krist\\Documents\\PHP\\bosservice-laravel\\vendor\\symfony\\console\\Application.php(171): Symfony\\Component\\Console\\Application->doRun()
#3 C:\\Users\\krist\\Documents\\PHP\\bosservice-laravel\\vendor\\laravel\\framework\\src\\Illuminate\\Console\\Application.php(94): Symfony\\Component\\Console\\Application->run()
#4 C:\\Users\\krist\\Documents\\PHP\\bosservice-laravel\\vendor\\laravel\\framework\\src\\Illuminate\\Foundation\\Console\\Kernel.php(129): Illuminate\\Console\\Application->run()
#5 C:\\Users\\krist\\Documents\\PHP\\bosservice-laravel\\artisan(11): Illuminate\\Foundation\\Console\\Kernel->handle()
#6 {main}
"} 
[2025-02-20 16:34:06] production.ERROR: There are no commands defined in the "package" namespace. {"exception":"[object] (Symfony\\Component\\Console\\Exception\\NamespaceNotFoundException(code: 0): There are no commands defined in the \"package\" namespace. at C:\\Users\\krist\\Documents\\PHP\\bosservice-laravel\\vendor\\symfony\\console\\Application.php:650)
[stacktrace]
#0 C:\\Users\\krist\\Documents\\PHP\\bosservice-laravel\\vendor\\symfony\\console\\Application.php(701): Symfony\\Component\\Console\\Application->findNamespace()
#1 C:\\Users\\krist\\Documents\\PHP\\bosservice-laravel\\vendor\\symfony\\console\\Application.php(259): Symfony\\Component\\Console\\Application->find()
#2 C:\\Users\\krist\\Documents\\PHP\\bosservice-laravel\\vendor\\symfony\\console\\Application.php(171): Symfony\\Component\\Console\\Application->doRun()
#3 C:\\Users\\krist\\Documents\\PHP\\bosservice-laravel\\vendor\\laravel\\framework\\src\\Illuminate\\Console\\Application.php(94): Symfony\\Component\\Console\\Application->run()
#4 C:\\Users\\krist\\Documents\\PHP\\bosservice-laravel\\vendor\\laravel\\framework\\src\\Illuminate\\Foundation\\Console\\Kernel.php(129): Illuminate\\Console\\Application->run()
#5 C:\\Users\\krist\\Documents\\PHP\\bosservice-laravel\\artisan(11): Illuminate\\Foundation\\Console\\Kernel->handle()
#6 {main}
"} 
[2025-02-20 16:50:58] production.ERROR: array_merge(): Argument #2 must be of type array, int given {"exception":"[object] (TypeError(code: 0): array_merge(): Argument #2 must be of type array, int given at C:\\Users\\krist\\Documents\\PHP\\bosservice-laravel\\vendor\\laravel\\framework\\src\\Illuminate\\Support\\ServiceProvider.php:137)
[stacktrace]
#0 C:\\Users\\krist\\Documents\\PHP\\bosservice-laravel\\vendor\\laravel\\framework\\src\\Illuminate\\Support\\ServiceProvider.php(137): array_merge()
#1 C:\\Users\\krist\\Documents\\PHP\\bosservice-laravel\\vendor\\fruitcake\\laravel-cors\\src\\CorsServiceProvider.php(20): Illuminate\\Support\\ServiceProvider->mergeConfigFrom()
#2 C:\\Users\\krist\\Documents\\PHP\\bosservice-laravel\\vendor\\laravel\\framework\\src\\Illuminate\\Foundation\\Application.php(684): Fruitcake\\Cors\\CorsServiceProvider->register()
#3 C:\\Users\\krist\\Documents\\PHP\\bosservice-laravel\\vendor\\laravel\\framework\\src\\Illuminate\\Foundation\\ProviderRepository.php(75): Illuminate\\Foundation\\Application->register()
#4 C:\\Users\\krist\\Documents\\PHP\\bosservice-laravel\\vendor\\laravel\\framework\\src\\Illuminate\\Foundation\\Application.php(661): Illuminate\\Foundation\\ProviderRepository->load()
#5 C:\\Users\\krist\\Documents\\PHP\\bosservice-laravel\\vendor\\laravel\\framework\\src\\Illuminate\\Foundation\\Bootstrap\\RegisterProviders.php(17): Illuminate\\Foundation\\Application->registerConfiguredProviders()
#6 C:\\Users\\krist\\Documents\\PHP\\bosservice-laravel\\vendor\\laravel\\framework\\src\\Illuminate\\Foundation\\Application.php(237): Illuminate\\Foundation\\Bootstrap\\RegisterProviders->bootstrap()
#7 C:\\Users\\krist\\Documents\\PHP\\bosservice-laravel\\vendor\\laravel\\framework\\src\\Illuminate\\Foundation\\Console\\Kernel.php(310): Illuminate\\Foundation\\Application->bootstrapWith()
#8 C:\\Users\\krist\\Documents\\PHP\\bosservice-laravel\\vendor\\laravel\\framework\\src\\Illuminate\\Foundation\\Console\\ConfigCacheCommand.php(88): Illuminate\\Foundation\\Console\\Kernel->bootstrap()
#9 C:\\Users\\krist\\Documents\\PHP\\bosservice-laravel\\vendor\\laravel\\framework\\src\\Illuminate\\Foundation\\Console\\ConfigCacheCommand.php(58): Illuminate\\Foundation\\Console\\ConfigCacheCommand->getFreshConfiguration()
#10 C:\\Users\\krist\\Documents\\PHP\\bosservice-laravel\\vendor\\laravel\\framework\\src\\Illuminate\\Container\\BoundMethod.php(36): Illuminate\\Foundation\\Console\\ConfigCacheCommand->handle()
#11 C:\\Users\\krist\\Documents\\PHP\\bosservice-laravel\\vendor\\laravel\\framework\\src\\Illuminate\\Container\\Util.php(40): Illuminate\\Container\\BoundMethod::Illuminate\\Container\\{closure}()
#12 C:\\Users\\krist\\Documents\\PHP\\bosservice-laravel\\vendor\\laravel\\framework\\src\\Illuminate\\Container\\BoundMethod.php(93): Illuminate\\Container\\Util::unwrapIfClosure()
#13 C:\\Users\\krist\\Documents\\PHP\\bosservice-laravel\\vendor\\laravel\\framework\\src\\Illuminate\\Container\\BoundMethod.php(35): Illuminate\\Container\\BoundMethod::callBoundMethod()
#14 C:\\Users\\krist\\Documents\\PHP\\bosservice-laravel\\vendor\\laravel\\framework\\src\\Illuminate\\Container\\Container.php(653): Illuminate\\Container\\BoundMethod::call()
#15 C:\\Users\\krist\\Documents\\PHP\\bosservice-laravel\\vendor\\laravel\\framework\\src\\Illuminate\\Console\\Command.php(136): Illuminate\\Container\\Container->call()
#16 C:\\Users\\krist\\Documents\\PHP\\bosservice-laravel\\vendor\\symfony\\console\\Command\\Command.php(298): Illuminate\\Console\\Command->execute()
#17 C:\\Users\\krist\\Documents\\PHP\\bosservice-laravel\\vendor\\laravel\\framework\\src\\Illuminate\\Console\\Command.php(120): Symfony\\Component\\Console\\Command\\Command->run()
#18 C:\\Users\\krist\\Documents\\PHP\\bosservice-laravel\\vendor\\symfony\\console\\Application.php(1040): Illuminate\\Console\\Command->run()
#19 C:\\Users\\krist\\Documents\\PHP\\bosservice-laravel\\vendor\\symfony\\console\\Application.php(301): Symfony\\Component\\Console\\Application->doRunCommand()
#20 C:\\Users\\krist\\Documents\\PHP\\bosservice-laravel\\vendor\\symfony\\console\\Application.php(171): Symfony\\Component\\Console\\Application->doRun()
#21 C:\\Users\\krist\\Documents\\PHP\\bosservice-laravel\\vendor\\laravel\\framework\\src\\Illuminate\\Console\\Application.php(94): Symfony\\Component\\Console\\Application->run()
#22 C:\\Users\\krist\\Documents\\PHP\\bosservice-laravel\\vendor\\laravel\\framework\\src\\Illuminate\\Foundation\\Console\\Kernel.php(129): Illuminate\\Console\\Application->run()
#23 C:\\Users\\krist\\Documents\\PHP\\bosservice-laravel\\artisan(11): Illuminate\\Foundation\\Console\\Kernel->handle()
#24 {main}
"} 
[2025-02-20 16:50:58] production.ERROR: array_merge(): Argument #2 must be of type array, int given {"exception":"[object] (TypeError(code: 0): array_merge(): Argument #2 must be of type array, int given at C:\\Users\\krist\\Documents\\PHP\\bosservice-laravel\\vendor\\laravel\\framework\\src\\Illuminate\\Support\\ServiceProvider.php:137)
[stacktrace]
#0 C:\\Users\\krist\\Documents\\PHP\\bosservice-laravel\\vendor\\laravel\\framework\\src\\Illuminate\\Support\\ServiceProvider.php(137): array_merge()
#1 C:\\Users\\krist\\Documents\\PHP\\bosservice-laravel\\vendor\\fruitcake\\laravel-cors\\src\\CorsServiceProvider.php(20): Illuminate\\Support\\ServiceProvider->mergeConfigFrom()
#2 C:\\Users\\krist\\Documents\\PHP\\bosservice-laravel\\vendor\\laravel\\framework\\src\\Illuminate\\Foundation\\Application.php(684): Fruitcake\\Cors\\CorsServiceProvider->register()
#3 C:\\Users\\krist\\Documents\\PHP\\bosservice-laravel\\vendor\\laravel\\framework\\src\\Illuminate\\Foundation\\ProviderRepository.php(75): Illuminate\\Foundation\\Application->register()
#4 C:\\Users\\krist\\Documents\\PHP\\bosservice-laravel\\vendor\\laravel\\framework\\src\\Illuminate\\Foundation\\Application.php(661): Illuminate\\Foundation\\ProviderRepository->load()
#5 C:\\Users\\krist\\Documents\\PHP\\bosservice-laravel\\vendor\\laravel\\framework\\src\\Illuminate\\Foundation\\Bootstrap\\RegisterProviders.php(17): Illuminate\\Foundation\\Application->registerConfiguredProviders()
#6 C:\\Users\\krist\\Documents\\PHP\\bosservice-laravel\\vendor\\laravel\\framework\\src\\Illuminate\\Foundation\\Application.php(237): Illuminate\\Foundation\\Bootstrap\\RegisterProviders->bootstrap()
#7 C:\\Users\\krist\\Documents\\PHP\\bosservice-laravel\\vendor\\laravel\\framework\\src\\Illuminate\\Foundation\\Console\\Kernel.php(310): Illuminate\\Foundation\\Application->bootstrapWith()
#8 C:\\Users\\krist\\Documents\\PHP\\bosservice-laravel\\vendor\\laravel\\framework\\src\\Illuminate\\Foundation\\Console\\Kernel.php(127): Illuminate\\Foundation\\Console\\Kernel->bootstrap()
#9 C:\\Users\\krist\\Documents\\PHP\\bosservice-laravel\\artisan(11): Illuminate\\Foundation\\Console\\Kernel->handle()
#10 {main}
"} 
[2025-02-20 17:17:10] local.ERROR: SQLSTATE[HY000] [1045] Access denied for user 'root'@'localhost' (using password: NO) (SQL: delete from `cache`) {"exception":"[object] (Illuminate\\Database\\QueryException(code: 1045): SQLSTATE[HY000] [1045] Access denied for user 'root'@'localhost' (using password: NO) (SQL: delete from `cache`) at C:\\Users\\krist\\Documents\\PHP\\bosservice-laravel\\vendor\\laravel\\framework\\src\\Illuminate\\Database\\Connection.php:712)
[stacktrace]
#0 C:\\Users\\krist\\Documents\\PHP\\bosservice-laravel\\vendor\\laravel\\framework\\src\\Illuminate\\Database\\Connection.php(672): Illuminate\\Database\\Connection->runQueryCallback()
#1 C:\\Users\\krist\\Documents\\PHP\\bosservice-laravel\\vendor\\laravel\\framework\\src\\Illuminate\\Database\\Connection.php(514): Illuminate\\Database\\Connection->run()
#2 C:\\Users\\krist\\Documents\\PHP\\bosservice-laravel\\vendor\\laravel\\framework\\src\\Illuminate\\Database\\Connection.php(478): Illuminate\\Database\\Connection->affectingStatement()
#3 C:\\Users\\krist\\Documents\\PHP\\bosservice-laravel\\vendor\\laravel\\framework\\src\\Illuminate\\Database\\Query\\Builder.php(3216): Illuminate\\Database\\Connection->delete()
#4 C:\\Users\\krist\\Documents\\PHP\\bosservice-laravel\\vendor\\laravel\\framework\\src\\Illuminate\\Cache\\DatabaseStore.php(316): Illuminate\\Database\\Query\\Builder->delete()
#5 C:\\Users\\krist\\Documents\\PHP\\bosservice-laravel\\vendor\\laravel\\framework\\src\\Illuminate\\Cache\\Repository.php(674): Illuminate\\Cache\\DatabaseStore->flush()
#6 C:\\Users\\krist\\Documents\\PHP\\bosservice-laravel\\vendor\\laravel\\framework\\src\\Illuminate\\Cache\\Console\\ClearCommand.php(67): Illuminate\\Cache\\Repository->__call()
#7 C:\\Users\\krist\\Documents\\PHP\\bosservice-laravel\\vendor\\laravel\\framework\\src\\Illuminate\\Container\\BoundMethod.php(36): Illuminate\\Cache\\Console\\ClearCommand->handle()
#8 C:\\Users\\krist\\Documents\\PHP\\bosservice-laravel\\vendor\\laravel\\framework\\src\\Illuminate\\Container\\Util.php(40): Illuminate\\Container\\BoundMethod::Illuminate\\Container\\{closure}()
#9 C:\\Users\\krist\\Documents\\PHP\\bosservice-laravel\\vendor\\laravel\\framework\\src\\Illuminate\\Container\\BoundMethod.php(93): Illuminate\\Container\\Util::unwrapIfClosure()
#10 C:\\Users\\krist\\Documents\\PHP\\bosservice-laravel\\vendor\\laravel\\framework\\src\\Illuminate\\Container\\BoundMethod.php(35): Illuminate\\Container\\BoundMethod::callBoundMethod()
#11 C:\\Users\\krist\\Documents\\PHP\\bosservice-laravel\\vendor\\laravel\\framework\\src\\Illuminate\\Container\\Container.php(653): Illuminate\\Container\\BoundMethod::call()
#12 C:\\Users\\krist\\Documents\\PHP\\bosservice-laravel\\vendor\\laravel\\framework\\src\\Illuminate\\Console\\Command.php(136): Illuminate\\Container\\Container->call()
#13 C:\\Users\\krist\\Documents\\PHP\\bosservice-laravel\\vendor\\symfony\\console\\Command\\Command.php(298): Illuminate\\Console\\Command->execute()
#14 C:\\Users\\krist\\Documents\\PHP\\bosservice-laravel\\vendor\\laravel\\framework\\src\\Illuminate\\Console\\Command.php(120): Symfony\\Component\\Console\\Command\\Command->run()
#15 C:\\Users\\krist\\Documents\\PHP\\bosservice-laravel\\vendor\\symfony\\console\\Application.php(1040): Illuminate\\Console\\Command->run()
#16 C:\\Users\\krist\\Documents\\PHP\\bosservice-laravel\\vendor\\symfony\\console\\Application.php(301): Symfony\\Component\\Console\\Application->doRunCommand()
#17 C:\\Users\\krist\\Documents\\PHP\\bosservice-laravel\\vendor\\symfony\\console\\Application.php(171): Symfony\\Component\\Console\\Application->doRun()
#18 C:\\Users\\krist\\Documents\\PHP\\bosservice-laravel\\vendor\\laravel\\framework\\src\\Illuminate\\Console\\Application.php(94): Symfony\\Component\\Console\\Application->run()
#19 C:\\Users\\krist\\Documents\\PHP\\bosservice-laravel\\vendor\\laravel\\framework\\src\\Illuminate\\Foundation\\Console\\Kernel.php(129): Illuminate\\Console\\Application->run()
#20 C:\\Users\\krist\\Documents\\PHP\\bosservice-laravel\\artisan(11): Illuminate\\Foundation\\Console\\Kernel->handle()
#21 {main}

[previous exception] [object] (PDOException(code: 1045): SQLSTATE[HY000] [1045] Access denied for user 'root'@'localhost' (using password: NO) at C:\\Users\\krist\\Documents\\PHP\\bosservice-laravel\\vendor\\laravel\\framework\\src\\Illuminate\\Database\\Connectors\\Connector.php:70)
[stacktrace]
#0 C:\\Users\\krist\\Documents\\PHP\\bosservice-laravel\\vendor\\laravel\\framework\\src\\Illuminate\\Database\\Connectors\\Connector.php(70): PDO->__construct()
#1 C:\\Users\\krist\\Documents\\PHP\\bosservice-laravel\\vendor\\laravel\\framework\\src\\Illuminate\\Database\\Connectors\\Connector.php(45): Illuminate\\Database\\Connectors\\Connector->createPdoConnection()
#2 C:\\Users\\krist\\Documents\\PHP\\bosservice-laravel\\vendor\\laravel\\framework\\src\\Illuminate\\Database\\Connectors\\MySqlConnector.php(24): Illuminate\\Database\\Connectors\\Connector->createConnection()
#3 C:\\Users\\krist\\Documents\\PHP\\bosservice-laravel\\vendor\\laravel\\framework\\src\\Illuminate\\Database\\Connectors\\ConnectionFactory.php(184): Illuminate\\Database\\Connectors\\MySqlConnector->connect()
#4 [internal function]: Illuminate\\Database\\Connectors\\ConnectionFactory->Illuminate\\Database\\Connectors\\{closure}()
#5 C:\\Users\\krist\\Documents\\PHP\\bosservice-laravel\\vendor\\laravel\\framework\\src\\Illuminate\\Database\\Connection.php(1064): call_user_func()
#6 C:\\Users\\krist\\Documents\\PHP\\bosservice-laravel\\vendor\\laravel\\framework\\src\\Illuminate\\Database\\Connection.php(522): Illuminate\\Database\\Connection->getPdo()
#7 C:\\Users\\krist\\Documents\\PHP\\bosservice-laravel\\vendor\\laravel\\framework\\src\\Illuminate\\Database\\Connection.php(705): Illuminate\\Database\\Connection->Illuminate\\Database\\{closure}()
#8 C:\\Users\\krist\\Documents\\PHP\\bosservice-laravel\\vendor\\laravel\\framework\\src\\Illuminate\\Database\\Connection.php(672): Illuminate\\Database\\Connection->runQueryCallback()
#9 C:\\Users\\krist\\Documents\\PHP\\bosservice-laravel\\vendor\\laravel\\framework\\src\\Illuminate\\Database\\Connection.php(514): Illuminate\\Database\\Connection->run()
#10 C:\\Users\\krist\\Documents\\PHP\\bosservice-laravel\\vendor\\laravel\\framework\\src\\Illuminate\\Database\\Connection.php(478): Illuminate\\Database\\Connection->affectingStatement()
#11 C:\\Users\\krist\\Documents\\PHP\\bosservice-laravel\\vendor\\laravel\\framework\\src\\Illuminate\\Database\\Query\\Builder.php(3216): Illuminate\\Database\\Connection->delete()
#12 C:\\Users\\krist\\Documents\\PHP\\bosservice-laravel\\vendor\\laravel\\framework\\src\\Illuminate\\Cache\\DatabaseStore.php(316): Illuminate\\Database\\Query\\Builder->delete()
#13 C:\\Users\\krist\\Documents\\PHP\\bosservice-laravel\\vendor\\laravel\\framework\\src\\Illuminate\\Cache\\Repository.php(674): Illuminate\\Cache\\DatabaseStore->flush()
#14 C:\\Users\\krist\\Documents\\PHP\\bosservice-laravel\\vendor\\laravel\\framework\\src\\Illuminate\\Cache\\Console\\ClearCommand.php(67): Illuminate\\Cache\\Repository->__call()
#15 C:\\Users\\krist\\Documents\\PHP\\bosservice-laravel\\vendor\\laravel\\framework\\src\\Illuminate\\Container\\BoundMethod.php(36): Illuminate\\Cache\\Console\\ClearCommand->handle()
#16 C:\\Users\\krist\\Documents\\PHP\\bosservice-laravel\\vendor\\laravel\\framework\\src\\Illuminate\\Container\\Util.php(40): Illuminate\\Container\\BoundMethod::Illuminate\\Container\\{closure}()
#17 C:\\Users\\krist\\Documents\\PHP\\bosservice-laravel\\vendor\\laravel\\framework\\src\\Illuminate\\Container\\BoundMethod.php(93): Illuminate\\Container\\Util::unwrapIfClosure()
#18 C:\\Users\\krist\\Documents\\PHP\\bosservice-laravel\\vendor\\laravel\\framework\\src\\Illuminate\\Container\\BoundMethod.php(35): Illuminate\\Container\\BoundMethod::callBoundMethod()
#19 C:\\Users\\krist\\Documents\\PHP\\bosservice-laravel\\vendor\\laravel\\framework\\src\\Illuminate\\Container\\Container.php(653): Illuminate\\Container\\BoundMethod::call()
#20 C:\\Users\\krist\\Documents\\PHP\\bosservice-laravel\\vendor\\laravel\\framework\\src\\Illuminate\\Console\\Command.php(136): Illuminate\\Container\\Container->call()
#21 C:\\Users\\krist\\Documents\\PHP\\bosservice-laravel\\vendor\\symfony\\console\\Command\\Command.php(298): Illuminate\\Console\\Command->execute()
#22 C:\\Users\\krist\\Documents\\PHP\\bosservice-laravel\\vendor\\laravel\\framework\\src\\Illuminate\\Console\\Command.php(120): Symfony\\Component\\Console\\Command\\Command->run()
#23 C:\\Users\\krist\\Documents\\PHP\\bosservice-laravel\\vendor\\symfony\\console\\Application.php(1040): Illuminate\\Console\\Command->run()
#24 C:\\Users\\krist\\Documents\\PHP\\bosservice-laravel\\vendor\\symfony\\console\\Application.php(301): Symfony\\Component\\Console\\Application->doRunCommand()
#25 C:\\Users\\krist\\Documents\\PHP\\bosservice-laravel\\vendor\\symfony\\console\\Application.php(171): Symfony\\Component\\Console\\Application->doRun()
#26 C:\\Users\\krist\\Documents\\PHP\\bosservice-laravel\\vendor\\laravel\\framework\\src\\Illuminate\\Console\\Application.php(94): Symfony\\Component\\Console\\Application->run()
#27 C:\\Users\\krist\\Documents\\PHP\\bosservice-laravel\\vendor\\laravel\\framework\\src\\Illuminate\\Foundation\\Console\\Kernel.php(129): Illuminate\\Console\\Application->run()
#28 C:\\Users\\krist\\Documents\\PHP\\bosservice-laravel\\artisan(11): Illuminate\\Foundation\\Console\\Kernel->handle()
#29 {main}
"} 
[2025-02-20 17:17:45] local.ERROR: SQLSTATE[42S02]: Base table or view not found: 1146 Table 'bosservice.cache' doesn't exist (SQL: delete from `cache`) {"exception":"[object] (Illuminate\\Database\\QueryException(code: 42S02): SQLSTATE[42S02]: Base table or view not found: 1146 Table 'bosservice.cache' doesn't exist (SQL: delete from `cache`) at C:\\Users\\krist\\Documents\\PHP\\bosservice-laravel\\vendor\\laravel\\framework\\src\\Illuminate\\Database\\Connection.php:712)
[stacktrace]
#0 C:\\Users\\krist\\Documents\\PHP\\bosservice-laravel\\vendor\\laravel\\framework\\src\\Illuminate\\Database\\Connection.php(672): Illuminate\\Database\\Connection->runQueryCallback()
#1 C:\\Users\\krist\\Documents\\PHP\\bosservice-laravel\\vendor\\laravel\\framework\\src\\Illuminate\\Database\\Connection.php(514): Illuminate\\Database\\Connection->run()
#2 C:\\Users\\krist\\Documents\\PHP\\bosservice-laravel\\vendor\\laravel\\framework\\src\\Illuminate\\Database\\Connection.php(478): Illuminate\\Database\\Connection->affectingStatement()
#3 C:\\Users\\krist\\Documents\\PHP\\bosservice-laravel\\vendor\\laravel\\framework\\src\\Illuminate\\Database\\Query\\Builder.php(3216): Illuminate\\Database\\Connection->delete()
#4 C:\\Users\\krist\\Documents\\PHP\\bosservice-laravel\\vendor\\laravel\\framework\\src\\Illuminate\\Cache\\DatabaseStore.php(316): Illuminate\\Database\\Query\\Builder->delete()
#5 C:\\Users\\krist\\Documents\\PHP\\bosservice-laravel\\vendor\\laravel\\framework\\src\\Illuminate\\Cache\\Repository.php(674): Illuminate\\Cache\\DatabaseStore->flush()
#6 C:\\Users\\krist\\Documents\\PHP\\bosservice-laravel\\vendor\\laravel\\framework\\src\\Illuminate\\Cache\\Console\\ClearCommand.php(67): Illuminate\\Cache\\Repository->__call()
#7 C:\\Users\\krist\\Documents\\PHP\\bosservice-laravel\\vendor\\laravel\\framework\\src\\Illuminate\\Container\\BoundMethod.php(36): Illuminate\\Cache\\Console\\ClearCommand->handle()
#8 C:\\Users\\krist\\Documents\\PHP\\bosservice-laravel\\vendor\\laravel\\framework\\src\\Illuminate\\Container\\Util.php(40): Illuminate\\Container\\BoundMethod::Illuminate\\Container\\{closure}()
#9 C:\\Users\\krist\\Documents\\PHP\\bosservice-laravel\\vendor\\laravel\\framework\\src\\Illuminate\\Container\\BoundMethod.php(93): Illuminate\\Container\\Util::unwrapIfClosure()
#10 C:\\Users\\krist\\Documents\\PHP\\bosservice-laravel\\vendor\\laravel\\framework\\src\\Illuminate\\Container\\BoundMethod.php(35): Illuminate\\Container\\BoundMethod::callBoundMethod()
#11 C:\\Users\\krist\\Documents\\PHP\\bosservice-laravel\\vendor\\laravel\\framework\\src\\Illuminate\\Container\\Container.php(653): Illuminate\\Container\\BoundMethod::call()
#12 C:\\Users\\krist\\Documents\\PHP\\bosservice-laravel\\vendor\\laravel\\framework\\src\\Illuminate\\Console\\Command.php(136): Illuminate\\Container\\Container->call()
#13 C:\\Users\\krist\\Documents\\PHP\\bosservice-laravel\\vendor\\symfony\\console\\Command\\Command.php(298): Illuminate\\Console\\Command->execute()
#14 C:\\Users\\krist\\Documents\\PHP\\bosservice-laravel\\vendor\\laravel\\framework\\src\\Illuminate\\Console\\Command.php(120): Symfony\\Component\\Console\\Command\\Command->run()
#15 C:\\Users\\krist\\Documents\\PHP\\bosservice-laravel\\vendor\\symfony\\console\\Application.php(1040): Illuminate\\Console\\Command->run()
#16 C:\\Users\\krist\\Documents\\PHP\\bosservice-laravel\\vendor\\symfony\\console\\Application.php(301): Symfony\\Component\\Console\\Application->doRunCommand()
#17 C:\\Users\\krist\\Documents\\PHP\\bosservice-laravel\\vendor\\symfony\\console\\Application.php(171): Symfony\\Component\\Console\\Application->doRun()
#18 C:\\Users\\krist\\Documents\\PHP\\bosservice-laravel\\vendor\\laravel\\framework\\src\\Illuminate\\Console\\Application.php(94): Symfony\\Component\\Console\\Application->run()
#19 C:\\Users\\krist\\Documents\\PHP\\bosservice-laravel\\vendor\\laravel\\framework\\src\\Illuminate\\Foundation\\Console\\Kernel.php(129): Illuminate\\Console\\Application->run()
#20 C:\\Users\\krist\\Documents\\PHP\\bosservice-laravel\\artisan(11): Illuminate\\Foundation\\Console\\Kernel->handle()
#21 {main}

[previous exception] [object] (PDOException(code: 42S02): SQLSTATE[42S02]: Base table or view not found: 1146 Table 'bosservice.cache' doesn't exist at C:\\Users\\krist\\Documents\\PHP\\bosservice-laravel\\vendor\\laravel\\framework\\src\\Illuminate\\Database\\Connection.php:522)
[stacktrace]
#0 C:\\Users\\krist\\Documents\\PHP\\bosservice-laravel\\vendor\\laravel\\framework\\src\\Illuminate\\Database\\Connection.php(522): PDO->prepare()
#1 C:\\Users\\krist\\Documents\\PHP\\bosservice-laravel\\vendor\\laravel\\framework\\src\\Illuminate\\Database\\Connection.php(705): Illuminate\\Database\\Connection->Illuminate\\Database\\{closure}()
#2 C:\\Users\\krist\\Documents\\PHP\\bosservice-laravel\\vendor\\laravel\\framework\\src\\Illuminate\\Database\\Connection.php(672): Illuminate\\Database\\Connection->runQueryCallback()
#3 C:\\Users\\krist\\Documents\\PHP\\bosservice-laravel\\vendor\\laravel\\framework\\src\\Illuminate\\Database\\Connection.php(514): Illuminate\\Database\\Connection->run()
#4 C:\\Users\\krist\\Documents\\PHP\\bosservice-laravel\\vendor\\laravel\\framework\\src\\Illuminate\\Database\\Connection.php(478): Illuminate\\Database\\Connection->affectingStatement()
#5 C:\\Users\\krist\\Documents\\PHP\\bosservice-laravel\\vendor\\laravel\\framework\\src\\Illuminate\\Database\\Query\\Builder.php(3216): Illuminate\\Database\\Connection->delete()
#6 C:\\Users\\krist\\Documents\\PHP\\bosservice-laravel\\vendor\\laravel\\framework\\src\\Illuminate\\Cache\\DatabaseStore.php(316): Illuminate\\Database\\Query\\Builder->delete()
#7 C:\\Users\\krist\\Documents\\PHP\\bosservice-laravel\\vendor\\laravel\\framework\\src\\Illuminate\\Cache\\Repository.php(674): Illuminate\\Cache\\DatabaseStore->flush()
#8 C:\\Users\\krist\\Documents\\PHP\\bosservice-laravel\\vendor\\laravel\\framework\\src\\Illuminate\\Cache\\Console\\ClearCommand.php(67): Illuminate\\Cache\\Repository->__call()
#9 C:\\Users\\krist\\Documents\\PHP\\bosservice-laravel\\vendor\\laravel\\framework\\src\\Illuminate\\Container\\BoundMethod.php(36): Illuminate\\Cache\\Console\\ClearCommand->handle()
#10 C:\\Users\\krist\\Documents\\PHP\\bosservice-laravel\\vendor\\laravel\\framework\\src\\Illuminate\\Container\\Util.php(40): Illuminate\\Container\\BoundMethod::Illuminate\\Container\\{closure}()
#11 C:\\Users\\krist\\Documents\\PHP\\bosservice-laravel\\vendor\\laravel\\framework\\src\\Illuminate\\Container\\BoundMethod.php(93): Illuminate\\Container\\Util::unwrapIfClosure()
#12 C:\\Users\\krist\\Documents\\PHP\\bosservice-laravel\\vendor\\laravel\\framework\\src\\Illuminate\\Container\\BoundMethod.php(35): Illuminate\\Container\\BoundMethod::callBoundMethod()
#13 C:\\Users\\krist\\Documents\\PHP\\bosservice-laravel\\vendor\\laravel\\framework\\src\\Illuminate\\Container\\Container.php(653): Illuminate\\Container\\BoundMethod::call()
#14 C:\\Users\\krist\\Documents\\PHP\\bosservice-laravel\\vendor\\laravel\\framework\\src\\Illuminate\\Console\\Command.php(136): Illuminate\\Container\\Container->call()
#15 C:\\Users\\krist\\Documents\\PHP\\bosservice-laravel\\vendor\\symfony\\console\\Command\\Command.php(298): Illuminate\\Console\\Command->execute()
#16 C:\\Users\\krist\\Documents\\PHP\\bosservice-laravel\\vendor\\laravel\\framework\\src\\Illuminate\\Console\\Command.php(120): Symfony\\Component\\Console\\Command\\Command->run()
#17 C:\\Users\\krist\\Documents\\PHP\\bosservice-laravel\\vendor\\symfony\\console\\Application.php(1040): Illuminate\\Console\\Command->run()
#18 C:\\Users\\krist\\Documents\\PHP\\bosservice-laravel\\vendor\\symfony\\console\\Application.php(301): Symfony\\Component\\Console\\Application->doRunCommand()
#19 C:\\Users\\krist\\Documents\\PHP\\bosservice-laravel\\vendor\\symfony\\console\\Application.php(171): Symfony\\Component\\Console\\Application->doRun()
#20 C:\\Users\\krist\\Documents\\PHP\\bosservice-laravel\\vendor\\laravel\\framework\\src\\Illuminate\\Console\\Application.php(94): Symfony\\Component\\Console\\Application->run()
#21 C:\\Users\\krist\\Documents\\PHP\\bosservice-laravel\\vendor\\laravel\\framework\\src\\Illuminate\\Foundation\\Console\\Kernel.php(129): Illuminate\\Console\\Application->run()
#22 C:\\Users\\krist\\Documents\\PHP\\bosservice-laravel\\artisan(11): Illuminate\\Foundation\\Console\\Kernel->handle()
#23 {main}
"} 
[2025-02-20 17:18:13] local.ERROR: Array to string conversion {"exception":"[object] (ErrorException(code: 0): Array to string conversion at C:\\Users\\krist\\Documents\\PHP\\bosservice-laravel\\vendor\\laravel\\framework\\src\\Illuminate\\Database\\Schema\\MySqlBuilder.php:41)
[stacktrace]
#0 C:\\Users\\krist\\Documents\\PHP\\bosservice-laravel\\vendor\\laravel\\framework\\src\\Illuminate\\Database\\Schema\\MySqlBuilder.php(41): Illuminate\\Foundation\\Bootstrap\\HandleExceptions->handleError()
#1 C:\\Users\\krist\\Documents\\PHP\\bosservice-laravel\\vendor\\laravel\\framework\\src\\Illuminate\\Database\\Migrations\\DatabaseMigrationRepository.php(169): Illuminate\\Database\\Schema\\MySqlBuilder->hasTable()
#2 C:\\Users\\krist\\Documents\\PHP\\bosservice-laravel\\vendor\\laravel\\framework\\src\\Illuminate\\Database\\Migrations\\Migrator.php(673): Illuminate\\Database\\Migrations\\DatabaseMigrationRepository->repositoryExists()
#3 C:\\Users\\krist\\Documents\\PHP\\bosservice-laravel\\vendor\\laravel\\framework\\src\\Illuminate\\Database\\Console\\Migrations\\MigrateCommand.php(110): Illuminate\\Database\\Migrations\\Migrator->repositoryExists()
#4 C:\\Users\\krist\\Documents\\PHP\\bosservice-laravel\\vendor\\laravel\\framework\\src\\Illuminate\\Database\\Console\\Migrations\\MigrateCommand.php(78): Illuminate\\Database\\Console\\Migrations\\MigrateCommand->prepareDatabase()
#5 C:\\Users\\krist\\Documents\\PHP\\bosservice-laravel\\vendor\\laravel\\framework\\src\\Illuminate\\Database\\Migrations\\Migrator.php(606): Illuminate\\Database\\Console\\Migrations\\MigrateCommand->Illuminate\\Database\\Console\\Migrations\\{closure}()
#6 C:\\Users\\krist\\Documents\\PHP\\bosservice-laravel\\vendor\\laravel\\framework\\src\\Illuminate\\Database\\Console\\Migrations\\MigrateCommand.php(77): Illuminate\\Database\\Migrations\\Migrator->usingConnection()
#7 C:\\Users\\krist\\Documents\\PHP\\bosservice-laravel\\vendor\\laravel\\framework\\src\\Illuminate\\Container\\BoundMethod.php(36): Illuminate\\Database\\Console\\Migrations\\MigrateCommand->handle()
#8 C:\\Users\\krist\\Documents\\PHP\\bosservice-laravel\\vendor\\laravel\\framework\\src\\Illuminate\\Container\\Util.php(40): Illuminate\\Container\\BoundMethod::Illuminate\\Container\\{closure}()
#9 C:\\Users\\krist\\Documents\\PHP\\bosservice-laravel\\vendor\\laravel\\framework\\src\\Illuminate\\Container\\BoundMethod.php(93): Illuminate\\Container\\Util::unwrapIfClosure()
#10 C:\\Users\\krist\\Documents\\PHP\\bosservice-laravel\\vendor\\laravel\\framework\\src\\Illuminate\\Container\\BoundMethod.php(35): Illuminate\\Container\\BoundMethod::callBoundMethod()
#11 C:\\Users\\krist\\Documents\\PHP\\bosservice-laravel\\vendor\\laravel\\framework\\src\\Illuminate\\Container\\Container.php(653): Illuminate\\Container\\BoundMethod::call()
#12 C:\\Users\\krist\\Documents\\PHP\\bosservice-laravel\\vendor\\laravel\\framework\\src\\Illuminate\\Console\\Command.php(136): Illuminate\\Container\\Container->call()
#13 C:\\Users\\krist\\Documents\\PHP\\bosservice-laravel\\vendor\\symfony\\console\\Command\\Command.php(298): Illuminate\\Console\\Command->execute()
#14 C:\\Users\\krist\\Documents\\PHP\\bosservice-laravel\\vendor\\laravel\\framework\\src\\Illuminate\\Console\\Command.php(120): Symfony\\Component\\Console\\Command\\Command->run()
#15 C:\\Users\\krist\\Documents\\PHP\\bosservice-laravel\\vendor\\symfony\\console\\Application.php(1040): Illuminate\\Console\\Command->run()
#16 C:\\Users\\krist\\Documents\\PHP\\bosservice-laravel\\vendor\\symfony\\console\\Application.php(301): Symfony\\Component\\Console\\Application->doRunCommand()
#17 C:\\Users\\krist\\Documents\\PHP\\bosservice-laravel\\vendor\\symfony\\console\\Application.php(171): Symfony\\Component\\Console\\Application->doRun()
#18 C:\\Users\\krist\\Documents\\PHP\\bosservice-laravel\\vendor\\laravel\\framework\\src\\Illuminate\\Console\\Application.php(94): Symfony\\Component\\Console\\Application->run()
#19 C:\\Users\\krist\\Documents\\PHP\\bosservice-laravel\\vendor\\laravel\\framework\\src\\Illuminate\\Foundation\\Console\\Kernel.php(129): Illuminate\\Console\\Application->run()
#20 C:\\Users\\krist\\Documents\\PHP\\bosservice-laravel\\artisan(11): Illuminate\\Foundation\\Console\\Kernel->handle()
#21 {main}
"} 
[2025-02-20 17:18:31] local.ERROR: Array to string conversion {"exception":"[object] (ErrorException(code: 0): Array to string conversion at C:\\Users\\krist\\Documents\\PHP\\bosservice-laravel\\vendor\\laravel\\framework\\src\\Illuminate\\Database\\Schema\\MySqlBuilder.php:41)
[stacktrace]
#0 C:\\Users\\krist\\Documents\\PHP\\bosservice-laravel\\vendor\\laravel\\framework\\src\\Illuminate\\Database\\Schema\\MySqlBuilder.php(41): Illuminate\\Foundation\\Bootstrap\\HandleExceptions->handleError()
#1 C:\\Users\\krist\\Documents\\PHP\\bosservice-laravel\\vendor\\laravel\\framework\\src\\Illuminate\\Database\\Migrations\\DatabaseMigrationRepository.php(169): Illuminate\\Database\\Schema\\MySqlBuilder->hasTable()
#2 C:\\Users\\krist\\Documents\\PHP\\bosservice-laravel\\vendor\\laravel\\framework\\src\\Illuminate\\Database\\Migrations\\Migrator.php(673): Illuminate\\Database\\Migrations\\DatabaseMigrationRepository->repositoryExists()
#3 C:\\Users\\krist\\Documents\\PHP\\bosservice-laravel\\vendor\\laravel\\framework\\src\\Illuminate\\Database\\Console\\Migrations\\MigrateCommand.php(110): Illuminate\\Database\\Migrations\\Migrator->repositoryExists()
#4 C:\\Users\\krist\\Documents\\PHP\\bosservice-laravel\\vendor\\laravel\\framework\\src\\Illuminate\\Database\\Console\\Migrations\\MigrateCommand.php(78): Illuminate\\Database\\Console\\Migrations\\MigrateCommand->prepareDatabase()
#5 C:\\Users\\krist\\Documents\\PHP\\bosservice-laravel\\vendor\\laravel\\framework\\src\\Illuminate\\Database\\Migrations\\Migrator.php(606): Illuminate\\Database\\Console\\Migrations\\MigrateCommand->Illuminate\\Database\\Console\\Migrations\\{closure}()
#6 C:\\Users\\krist\\Documents\\PHP\\bosservice-laravel\\vendor\\laravel\\framework\\src\\Illuminate\\Database\\Console\\Migrations\\MigrateCommand.php(77): Illuminate\\Database\\Migrations\\Migrator->usingConnection()
#7 C:\\Users\\krist\\Documents\\PHP\\bosservice-laravel\\vendor\\laravel\\framework\\src\\Illuminate\\Container\\BoundMethod.php(36): Illuminate\\Database\\Console\\Migrations\\MigrateCommand->handle()
#8 C:\\Users\\krist\\Documents\\PHP\\bosservice-laravel\\vendor\\laravel\\framework\\src\\Illuminate\\Container\\Util.php(40): Illuminate\\Container\\BoundMethod::Illuminate\\Container\\{closure}()
#9 C:\\Users\\krist\\Documents\\PHP\\bosservice-laravel\\vendor\\laravel\\framework\\src\\Illuminate\\Container\\BoundMethod.php(93): Illuminate\\Container\\Util::unwrapIfClosure()
#10 C:\\Users\\krist\\Documents\\PHP\\bosservice-laravel\\vendor\\laravel\\framework\\src\\Illuminate\\Container\\BoundMethod.php(35): Illuminate\\Container\\BoundMethod::callBoundMethod()
#11 C:\\Users\\krist\\Documents\\PHP\\bosservice-laravel\\vendor\\laravel\\framework\\src\\Illuminate\\Container\\Container.php(653): Illuminate\\Container\\BoundMethod::call()
#12 C:\\Users\\krist\\Documents\\PHP\\bosservice-laravel\\vendor\\laravel\\framework\\src\\Illuminate\\Console\\Command.php(136): Illuminate\\Container\\Container->call()
#13 C:\\Users\\krist\\Documents\\PHP\\bosservice-laravel\\vendor\\symfony\\console\\Command\\Command.php(298): Illuminate\\Console\\Command->execute()
#14 C:\\Users\\krist\\Documents\\PHP\\bosservice-laravel\\vendor\\laravel\\framework\\src\\Illuminate\\Console\\Command.php(120): Symfony\\Component\\Console\\Command\\Command->run()
#15 C:\\Users\\krist\\Documents\\PHP\\bosservice-laravel\\vendor\\symfony\\console\\Application.php(1040): Illuminate\\Console\\Command->run()
#16 C:\\Users\\krist\\Documents\\PHP\\bosservice-laravel\\vendor\\symfony\\console\\Application.php(301): Symfony\\Component\\Console\\Application->doRunCommand()
#17 C:\\Users\\krist\\Documents\\PHP\\bosservice-laravel\\vendor\\symfony\\console\\Application.php(171): Symfony\\Component\\Console\\Application->doRun()
#18 C:\\Users\\krist\\Documents\\PHP\\bosservice-laravel\\vendor\\laravel\\framework\\src\\Illuminate\\Console\\Application.php(94): Symfony\\Component\\Console\\Application->run()
#19 C:\\Users\\krist\\Documents\\PHP\\bosservice-laravel\\vendor\\laravel\\framework\\src\\Illuminate\\Foundation\\Console\\Kernel.php(129): Illuminate\\Console\\Application->run()
#20 C:\\Users\\krist\\Documents\\PHP\\bosservice-laravel\\artisan(11): Illuminate\\Foundation\\Console\\Kernel->handle()
#21 {main}
"} 
[2025-02-20 17:19:12] local.ERROR: SQLSTATE[42S02]: Base table or view not found: 1146 Table 'bosservice.cache' doesn't exist (SQL: delete from `cache`) {"exception":"[object] (Illuminate\\Database\\QueryException(code: 42S02): SQLSTATE[42S02]: Base table or view not found: 1146 Table 'bosservice.cache' doesn't exist (SQL: delete from `cache`) at C:\\Users\\krist\\Documents\\PHP\\bosservice-laravel\\vendor\\laravel\\framework\\src\\Illuminate\\Database\\Connection.php:712)
[stacktrace]
#0 C:\\Users\\krist\\Documents\\PHP\\bosservice-laravel\\vendor\\laravel\\framework\\src\\Illuminate\\Database\\Connection.php(672): Illuminate\\Database\\Connection->runQueryCallback()
#1 C:\\Users\\krist\\Documents\\PHP\\bosservice-laravel\\vendor\\laravel\\framework\\src\\Illuminate\\Database\\Connection.php(514): Illuminate\\Database\\Connection->run()
#2 C:\\Users\\krist\\Documents\\PHP\\bosservice-laravel\\vendor\\laravel\\framework\\src\\Illuminate\\Database\\Connection.php(478): Illuminate\\Database\\Connection->affectingStatement()
#3 C:\\Users\\krist\\Documents\\PHP\\bosservice-laravel\\vendor\\laravel\\framework\\src\\Illuminate\\Database\\Query\\Builder.php(3216): Illuminate\\Database\\Connection->delete()
#4 C:\\Users\\krist\\Documents\\PHP\\bosservice-laravel\\vendor\\laravel\\framework\\src\\Illuminate\\Cache\\DatabaseStore.php(316): Illuminate\\Database\\Query\\Builder->delete()
#5 C:\\Users\\krist\\Documents\\PHP\\bosservice-laravel\\vendor\\laravel\\framework\\src\\Illuminate\\Cache\\Repository.php(674): Illuminate\\Cache\\DatabaseStore->flush()
#6 C:\\Users\\krist\\Documents\\PHP\\bosservice-laravel\\vendor\\laravel\\framework\\src\\Illuminate\\Cache\\Console\\ClearCommand.php(67): Illuminate\\Cache\\Repository->__call()
#7 C:\\Users\\krist\\Documents\\PHP\\bosservice-laravel\\vendor\\laravel\\framework\\src\\Illuminate\\Container\\BoundMethod.php(36): Illuminate\\Cache\\Console\\ClearCommand->handle()
#8 C:\\Users\\krist\\Documents\\PHP\\bosservice-laravel\\vendor\\laravel\\framework\\src\\Illuminate\\Container\\Util.php(40): Illuminate\\Container\\BoundMethod::Illuminate\\Container\\{closure}()
#9 C:\\Users\\krist\\Documents\\PHP\\bosservice-laravel\\vendor\\laravel\\framework\\src\\Illuminate\\Container\\BoundMethod.php(93): Illuminate\\Container\\Util::unwrapIfClosure()
#10 C:\\Users\\krist\\Documents\\PHP\\bosservice-laravel\\vendor\\laravel\\framework\\src\\Illuminate\\Container\\BoundMethod.php(35): Illuminate\\Container\\BoundMethod::callBoundMethod()
#11 C:\\Users\\krist\\Documents\\PHP\\bosservice-laravel\\vendor\\laravel\\framework\\src\\Illuminate\\Container\\Container.php(653): Illuminate\\Container\\BoundMethod::call()
#12 C:\\Users\\krist\\Documents\\PHP\\bosservice-laravel\\vendor\\laravel\\framework\\src\\Illuminate\\Console\\Command.php(136): Illuminate\\Container\\Container->call()
#13 C:\\Users\\krist\\Documents\\PHP\\bosservice-laravel\\vendor\\symfony\\console\\Command\\Command.php(298): Illuminate\\Console\\Command->execute()
#14 C:\\Users\\krist\\Documents\\PHP\\bosservice-laravel\\vendor\\laravel\\framework\\src\\Illuminate\\Console\\Command.php(120): Symfony\\Component\\Console\\Command\\Command->run()
#15 C:\\Users\\krist\\Documents\\PHP\\bosservice-laravel\\vendor\\symfony\\console\\Application.php(1040): Illuminate\\Console\\Command->run()
#16 C:\\Users\\krist\\Documents\\PHP\\bosservice-laravel\\vendor\\symfony\\console\\Application.php(301): Symfony\\Component\\Console\\Application->doRunCommand()
#17 C:\\Users\\krist\\Documents\\PHP\\bosservice-laravel\\vendor\\symfony\\console\\Application.php(171): Symfony\\Component\\Console\\Application->doRun()
#18 C:\\Users\\krist\\Documents\\PHP\\bosservice-laravel\\vendor\\laravel\\framework\\src\\Illuminate\\Console\\Application.php(94): Symfony\\Component\\Console\\Application->run()
#19 C:\\Users\\krist\\Documents\\PHP\\bosservice-laravel\\vendor\\laravel\\framework\\src\\Illuminate\\Foundation\\Console\\Kernel.php(129): Illuminate\\Console\\Application->run()
#20 C:\\Users\\krist\\Documents\\PHP\\bosservice-laravel\\artisan(11): Illuminate\\Foundation\\Console\\Kernel->handle()
#21 {main}

[previous exception] [object] (PDOException(code: 42S02): SQLSTATE[42S02]: Base table or view not found: 1146 Table 'bosservice.cache' doesn't exist at C:\\Users\\krist\\Documents\\PHP\\bosservice-laravel\\vendor\\laravel\\framework\\src\\Illuminate\\Database\\Connection.php:522)
[stacktrace]
#0 C:\\Users\\krist\\Documents\\PHP\\bosservice-laravel\\vendor\\laravel\\framework\\src\\Illuminate\\Database\\Connection.php(522): PDO->prepare()
#1 C:\\Users\\krist\\Documents\\PHP\\bosservice-laravel\\vendor\\laravel\\framework\\src\\Illuminate\\Database\\Connection.php(705): Illuminate\\Database\\Connection->Illuminate\\Database\\{closure}()
#2 C:\\Users\\krist\\Documents\\PHP\\bosservice-laravel\\vendor\\laravel\\framework\\src\\Illuminate\\Database\\Connection.php(672): Illuminate\\Database\\Connection->runQueryCallback()
#3 C:\\Users\\krist\\Documents\\PHP\\bosservice-laravel\\vendor\\laravel\\framework\\src\\Illuminate\\Database\\Connection.php(514): Illuminate\\Database\\Connection->run()
#4 C:\\Users\\krist\\Documents\\PHP\\bosservice-laravel\\vendor\\laravel\\framework\\src\\Illuminate\\Database\\Connection.php(478): Illuminate\\Database\\Connection->affectingStatement()
#5 C:\\Users\\krist\\Documents\\PHP\\bosservice-laravel\\vendor\\laravel\\framework\\src\\Illuminate\\Database\\Query\\Builder.php(3216): Illuminate\\Database\\Connection->delete()
#6 C:\\Users\\krist\\Documents\\PHP\\bosservice-laravel\\vendor\\laravel\\framework\\src\\Illuminate\\Cache\\DatabaseStore.php(316): Illuminate\\Database\\Query\\Builder->delete()
#7 C:\\Users\\krist\\Documents\\PHP\\bosservice-laravel\\vendor\\laravel\\framework\\src\\Illuminate\\Cache\\Repository.php(674): Illuminate\\Cache\\DatabaseStore->flush()
#8 C:\\Users\\krist\\Documents\\PHP\\bosservice-laravel\\vendor\\laravel\\framework\\src\\Illuminate\\Cache\\Console\\ClearCommand.php(67): Illuminate\\Cache\\Repository->__call()
#9 C:\\Users\\krist\\Documents\\PHP\\bosservice-laravel\\vendor\\laravel\\framework\\src\\Illuminate\\Container\\BoundMethod.php(36): Illuminate\\Cache\\Console\\ClearCommand->handle()
#10 C:\\Users\\krist\\Documents\\PHP\\bosservice-laravel\\vendor\\laravel\\framework\\src\\Illuminate\\Container\\Util.php(40): Illuminate\\Container\\BoundMethod::Illuminate\\Container\\{closure}()
#11 C:\\Users\\krist\\Documents\\PHP\\bosservice-laravel\\vendor\\laravel\\framework\\src\\Illuminate\\Container\\BoundMethod.php(93): Illuminate\\Container\\Util::unwrapIfClosure()
#12 C:\\Users\\krist\\Documents\\PHP\\bosservice-laravel\\vendor\\laravel\\framework\\src\\Illuminate\\Container\\BoundMethod.php(35): Illuminate\\Container\\BoundMethod::callBoundMethod()
#13 C:\\Users\\krist\\Documents\\PHP\\bosservice-laravel\\vendor\\laravel\\framework\\src\\Illuminate\\Container\\Container.php(653): Illuminate\\Container\\BoundMethod::call()
#14 C:\\Users\\krist\\Documents\\PHP\\bosservice-laravel\\vendor\\laravel\\framework\\src\\Illuminate\\Console\\Command.php(136): Illuminate\\Container\\Container->call()
#15 C:\\Users\\krist\\Documents\\PHP\\bosservice-laravel\\vendor\\symfony\\console\\Command\\Command.php(298): Illuminate\\Console\\Command->execute()
#16 C:\\Users\\krist\\Documents\\PHP\\bosservice-laravel\\vendor\\laravel\\framework\\src\\Illuminate\\Console\\Command.php(120): Symfony\\Component\\Console\\Command\\Command->run()
#17 C:\\Users\\krist\\Documents\\PHP\\bosservice-laravel\\vendor\\symfony\\console\\Application.php(1040): Illuminate\\Console\\Command->run()
#18 C:\\Users\\krist\\Documents\\PHP\\bosservice-laravel\\vendor\\symfony\\console\\Application.php(301): Symfony\\Component\\Console\\Application->doRunCommand()
#19 C:\\Users\\krist\\Documents\\PHP\\bosservice-laravel\\vendor\\symfony\\console\\Application.php(171): Symfony\\Component\\Console\\Application->doRun()
#20 C:\\Users\\krist\\Documents\\PHP\\bosservice-laravel\\vendor\\laravel\\framework\\src\\Illuminate\\Console\\Application.php(94): Symfony\\Component\\Console\\Application->run()
#21 C:\\Users\\krist\\Documents\\PHP\\bosservice-laravel\\vendor\\laravel\\framework\\src\\Illuminate\\Foundation\\Console\\Kernel.php(129): Illuminate\\Console\\Application->run()
#22 C:\\Users\\krist\\Documents\\PHP\\bosservice-laravel\\artisan(11): Illuminate\\Foundation\\Console\\Kernel->handle()
#23 {main}
"} 
[2025-02-20 17:19:55] local.ERROR: SQLSTATE[42S02]: Base table or view not found: 1146 Table 'bosservice.cache' doesn't exist (SQL: delete from `cache`) {"exception":"[object] (Illuminate\\Database\\QueryException(code: 42S02): SQLSTATE[42S02]: Base table or view not found: 1146 Table 'bosservice.cache' doesn't exist (SQL: delete from `cache`) at C:\\Users\\krist\\Documents\\PHP\\bosservice-laravel\\vendor\\laravel\\framework\\src\\Illuminate\\Database\\Connection.php:712)
[stacktrace]
#0 C:\\Users\\krist\\Documents\\PHP\\bosservice-laravel\\vendor\\laravel\\framework\\src\\Illuminate\\Database\\Connection.php(672): Illuminate\\Database\\Connection->runQueryCallback()
#1 C:\\Users\\krist\\Documents\\PHP\\bosservice-laravel\\vendor\\laravel\\framework\\src\\Illuminate\\Database\\Connection.php(514): Illuminate\\Database\\Connection->run()
#2 C:\\Users\\krist\\Documents\\PHP\\bosservice-laravel\\vendor\\laravel\\framework\\src\\Illuminate\\Database\\Connection.php(478): Illuminate\\Database\\Connection->affectingStatement()
#3 C:\\Users\\krist\\Documents\\PHP\\bosservice-laravel\\vendor\\laravel\\framework\\src\\Illuminate\\Database\\Query\\Builder.php(3216): Illuminate\\Database\\Connection->delete()
#4 C:\\Users\\krist\\Documents\\PHP\\bosservice-laravel\\vendor\\laravel\\framework\\src\\Illuminate\\Cache\\DatabaseStore.php(316): Illuminate\\Database\\Query\\Builder->delete()
#5 C:\\Users\\krist\\Documents\\PHP\\bosservice-laravel\\vendor\\laravel\\framework\\src\\Illuminate\\Cache\\Repository.php(674): Illuminate\\Cache\\DatabaseStore->flush()
#6 C:\\Users\\krist\\Documents\\PHP\\bosservice-laravel\\vendor\\laravel\\framework\\src\\Illuminate\\Cache\\Console\\ClearCommand.php(67): Illuminate\\Cache\\Repository->__call()
#7 C:\\Users\\krist\\Documents\\PHP\\bosservice-laravel\\vendor\\laravel\\framework\\src\\Illuminate\\Container\\BoundMethod.php(36): Illuminate\\Cache\\Console\\ClearCommand->handle()
#8 C:\\Users\\krist\\Documents\\PHP\\bosservice-laravel\\vendor\\laravel\\framework\\src\\Illuminate\\Container\\Util.php(40): Illuminate\\Container\\BoundMethod::Illuminate\\Container\\{closure}()
#9 C:\\Users\\krist\\Documents\\PHP\\bosservice-laravel\\vendor\\laravel\\framework\\src\\Illuminate\\Container\\BoundMethod.php(93): Illuminate\\Container\\Util::unwrapIfClosure()
#10 C:\\Users\\krist\\Documents\\PHP\\bosservice-laravel\\vendor\\laravel\\framework\\src\\Illuminate\\Container\\BoundMethod.php(35): Illuminate\\Container\\BoundMethod::callBoundMethod()
#11 C:\\Users\\krist\\Documents\\PHP\\bosservice-laravel\\vendor\\laravel\\framework\\src\\Illuminate\\Container\\Container.php(653): Illuminate\\Container\\BoundMethod::call()
#12 C:\\Users\\krist\\Documents\\PHP\\bosservice-laravel\\vendor\\laravel\\framework\\src\\Illuminate\\Console\\Command.php(136): Illuminate\\Container\\Container->call()
#13 C:\\Users\\krist\\Documents\\PHP\\bosservice-laravel\\vendor\\symfony\\console\\Command\\Command.php(298): Illuminate\\Console\\Command->execute()
#14 C:\\Users\\krist\\Documents\\PHP\\bosservice-laravel\\vendor\\laravel\\framework\\src\\Illuminate\\Console\\Command.php(120): Symfony\\Component\\Console\\Command\\Command->run()
#15 C:\\Users\\krist\\Documents\\PHP\\bosservice-laravel\\vendor\\symfony\\console\\Application.php(1040): Illuminate\\Console\\Command->run()
#16 C:\\Users\\krist\\Documents\\PHP\\bosservice-laravel\\vendor\\symfony\\console\\Application.php(301): Symfony\\Component\\Console\\Application->doRunCommand()
#17 C:\\Users\\krist\\Documents\\PHP\\bosservice-laravel\\vendor\\symfony\\console\\Application.php(171): Symfony\\Component\\Console\\Application->doRun()
#18 C:\\Users\\krist\\Documents\\PHP\\bosservice-laravel\\vendor\\laravel\\framework\\src\\Illuminate\\Console\\Application.php(94): Symfony\\Component\\Console\\Application->run()
#19 C:\\Users\\krist\\Documents\\PHP\\bosservice-laravel\\vendor\\laravel\\framework\\src\\Illuminate\\Foundation\\Console\\Kernel.php(129): Illuminate\\Console\\Application->run()
#20 C:\\Users\\krist\\Documents\\PHP\\bosservice-laravel\\artisan(11): Illuminate\\Foundation\\Console\\Kernel->handle()
#21 {main}

[previous exception] [object] (PDOException(code: 42S02): SQLSTATE[42S02]: Base table or view not found: 1146 Table 'bosservice.cache' doesn't exist at C:\\Users\\krist\\Documents\\PHP\\bosservice-laravel\\vendor\\laravel\\framework\\src\\Illuminate\\Database\\Connection.php:522)
[stacktrace]
#0 C:\\Users\\krist\\Documents\\PHP\\bosservice-laravel\\vendor\\laravel\\framework\\src\\Illuminate\\Database\\Connection.php(522): PDO->prepare()
#1 C:\\Users\\krist\\Documents\\PHP\\bosservice-laravel\\vendor\\laravel\\framework\\src\\Illuminate\\Database\\Connection.php(705): Illuminate\\Database\\Connection->Illuminate\\Database\\{closure}()
#2 C:\\Users\\krist\\Documents\\PHP\\bosservice-laravel\\vendor\\laravel\\framework\\src\\Illuminate\\Database\\Connection.php(672): Illuminate\\Database\\Connection->runQueryCallback()
#3 C:\\Users\\krist\\Documents\\PHP\\bosservice-laravel\\vendor\\laravel\\framework\\src\\Illuminate\\Database\\Connection.php(514): Illuminate\\Database\\Connection->run()
#4 C:\\Users\\krist\\Documents\\PHP\\bosservice-laravel\\vendor\\laravel\\framework\\src\\Illuminate\\Database\\Connection.php(478): Illuminate\\Database\\Connection->affectingStatement()
#5 C:\\Users\\krist\\Documents\\PHP\\bosservice-laravel\\vendor\\laravel\\framework\\src\\Illuminate\\Database\\Query\\Builder.php(3216): Illuminate\\Database\\Connection->delete()
#6 C:\\Users\\krist\\Documents\\PHP\\bosservice-laravel\\vendor\\laravel\\framework\\src\\Illuminate\\Cache\\DatabaseStore.php(316): Illuminate\\Database\\Query\\Builder->delete()
#7 C:\\Users\\krist\\Documents\\PHP\\bosservice-laravel\\vendor\\laravel\\framework\\src\\Illuminate\\Cache\\Repository.php(674): Illuminate\\Cache\\DatabaseStore->flush()
#8 C:\\Users\\krist\\Documents\\PHP\\bosservice-laravel\\vendor\\laravel\\framework\\src\\Illuminate\\Cache\\Console\\ClearCommand.php(67): Illuminate\\Cache\\Repository->__call()
#9 C:\\Users\\krist\\Documents\\PHP\\bosservice-laravel\\vendor\\laravel\\framework\\src\\Illuminate\\Container\\BoundMethod.php(36): Illuminate\\Cache\\Console\\ClearCommand->handle()
#10 C:\\Users\\krist\\Documents\\PHP\\bosservice-laravel\\vendor\\laravel\\framework\\src\\Illuminate\\Container\\Util.php(40): Illuminate\\Container\\BoundMethod::Illuminate\\Container\\{closure}()
#11 C:\\Users\\krist\\Documents\\PHP\\bosservice-laravel\\vendor\\laravel\\framework\\src\\Illuminate\\Container\\BoundMethod.php(93): Illuminate\\Container\\Util::unwrapIfClosure()
#12 C:\\Users\\krist\\Documents\\PHP\\bosservice-laravel\\vendor\\laravel\\framework\\src\\Illuminate\\Container\\BoundMethod.php(35): Illuminate\\Container\\BoundMethod::callBoundMethod()
#13 C:\\Users\\krist\\Documents\\PHP\\bosservice-laravel\\vendor\\laravel\\framework\\src\\Illuminate\\Container\\Container.php(653): Illuminate\\Container\\BoundMethod::call()
#14 C:\\Users\\krist\\Documents\\PHP\\bosservice-laravel\\vendor\\laravel\\framework\\src\\Illuminate\\Console\\Command.php(136): Illuminate\\Container\\Container->call()
#15 C:\\Users\\krist\\Documents\\PHP\\bosservice-laravel\\vendor\\symfony\\console\\Command\\Command.php(298): Illuminate\\Console\\Command->execute()
#16 C:\\Users\\krist\\Documents\\PHP\\bosservice-laravel\\vendor\\laravel\\framework\\src\\Illuminate\\Console\\Command.php(120): Symfony\\Component\\Console\\Command\\Command->run()
#17 C:\\Users\\krist\\Documents\\PHP\\bosservice-laravel\\vendor\\symfony\\console\\Application.php(1040): Illuminate\\Console\\Command->run()
#18 C:\\Users\\krist\\Documents\\PHP\\bosservice-laravel\\vendor\\symfony\\console\\Application.php(301): Symfony\\Component\\Console\\Application->doRunCommand()
#19 C:\\Users\\krist\\Documents\\PHP\\bosservice-laravel\\vendor\\symfony\\console\\Application.php(171): Symfony\\Component\\Console\\Application->doRun()
#20 C:\\Users\\krist\\Documents\\PHP\\bosservice-laravel\\vendor\\laravel\\framework\\src\\Illuminate\\Console\\Application.php(94): Symfony\\Component\\Console\\Application->run()
#21 C:\\Users\\krist\\Documents\\PHP\\bosservice-laravel\\vendor\\laravel\\framework\\src\\Illuminate\\Foundation\\Console\\Kernel.php(129): Illuminate\\Console\\Application->run()
#22 C:\\Users\\krist\\Documents\\PHP\\bosservice-laravel\\artisan(11): Illuminate\\Foundation\\Console\\Kernel->handle()
#23 {main}
"} 
[2025-02-20 17:20:00] local.ERROR: A CreateCacheTable class already exists. {"exception":"[object] (InvalidArgumentException(code: 0): A CreateCacheTable class already exists. at C:\\Users\\krist\\Documents\\PHP\\bosservice-laravel\\vendor\\laravel\\framework\\src\\Illuminate\\Database\\Migrations\\MigrationCreator.php:102)
[stacktrace]
#0 C:\\Users\\krist\\Documents\\PHP\\bosservice-laravel\\vendor\\laravel\\framework\\src\\Illuminate\\Database\\Migrations\\MigrationCreator.php(59): Illuminate\\Database\\Migrations\\MigrationCreator->ensureMigrationDoesntAlreadyExist()
#1 C:\\Users\\krist\\Documents\\PHP\\bosservice-laravel\\vendor\\laravel\\framework\\src\\Illuminate\\Cache\\Console\\CacheTableCommand.php(79): Illuminate\\Database\\Migrations\\MigrationCreator->create()
#2 C:\\Users\\krist\\Documents\\PHP\\bosservice-laravel\\vendor\\laravel\\framework\\src\\Illuminate\\Cache\\Console\\CacheTableCommand.php(59): Illuminate\\Cache\\Console\\CacheTableCommand->createBaseMigration()
#3 C:\\Users\\krist\\Documents\\PHP\\bosservice-laravel\\vendor\\laravel\\framework\\src\\Illuminate\\Container\\BoundMethod.php(36): Illuminate\\Cache\\Console\\CacheTableCommand->handle()
#4 C:\\Users\\krist\\Documents\\PHP\\bosservice-laravel\\vendor\\laravel\\framework\\src\\Illuminate\\Container\\Util.php(40): Illuminate\\Container\\BoundMethod::Illuminate\\Container\\{closure}()
#5 C:\\Users\\krist\\Documents\\PHP\\bosservice-laravel\\vendor\\laravel\\framework\\src\\Illuminate\\Container\\BoundMethod.php(93): Illuminate\\Container\\Util::unwrapIfClosure()
#6 C:\\Users\\krist\\Documents\\PHP\\bosservice-laravel\\vendor\\laravel\\framework\\src\\Illuminate\\Container\\BoundMethod.php(35): Illuminate\\Container\\BoundMethod::callBoundMethod()
#7 C:\\Users\\krist\\Documents\\PHP\\bosservice-laravel\\vendor\\laravel\\framework\\src\\Illuminate\\Container\\Container.php(653): Illuminate\\Container\\BoundMethod::call()
#8 C:\\Users\\krist\\Documents\\PHP\\bosservice-laravel\\vendor\\laravel\\framework\\src\\Illuminate\\Console\\Command.php(136): Illuminate\\Container\\Container->call()
#9 C:\\Users\\krist\\Documents\\PHP\\bosservice-laravel\\vendor\\symfony\\console\\Command\\Command.php(298): Illuminate\\Console\\Command->execute()
#10 C:\\Users\\krist\\Documents\\PHP\\bosservice-laravel\\vendor\\laravel\\framework\\src\\Illuminate\\Console\\Command.php(120): Symfony\\Component\\Console\\Command\\Command->run()
#11 C:\\Users\\krist\\Documents\\PHP\\bosservice-laravel\\vendor\\symfony\\console\\Application.php(1040): Illuminate\\Console\\Command->run()
#12 C:\\Users\\krist\\Documents\\PHP\\bosservice-laravel\\vendor\\symfony\\console\\Application.php(301): Symfony\\Component\\Console\\Application->doRunCommand()
#13 C:\\Users\\krist\\Documents\\PHP\\bosservice-laravel\\vendor\\symfony\\console\\Application.php(171): Symfony\\Component\\Console\\Application->doRun()
#14 C:\\Users\\krist\\Documents\\PHP\\bosservice-laravel\\vendor\\laravel\\framework\\src\\Illuminate\\Console\\Application.php(94): Symfony\\Component\\Console\\Application->run()
#15 C:\\Users\\krist\\Documents\\PHP\\bosservice-laravel\\vendor\\laravel\\framework\\src\\Illuminate\\Foundation\\Console\\Kernel.php(129): Illuminate\\Console\\Application->run()
#16 C:\\Users\\krist\\Documents\\PHP\\bosservice-laravel\\artisan(11): Illuminate\\Foundation\\Console\\Kernel->handle()
#17 {main}
"} 
[2025-02-20 17:20:39] local.ERROR: Array to string conversion {"exception":"[object] (ErrorException(code: 0): Array to string conversion at C:\\Users\\krist\\Documents\\PHP\\bosservice-laravel\\vendor\\laravel\\framework\\src\\Illuminate\\Database\\Schema\\MySqlBuilder.php:41)
[stacktrace]
#0 C:\\Users\\krist\\Documents\\PHP\\bosservice-laravel\\vendor\\laravel\\framework\\src\\Illuminate\\Database\\Schema\\MySqlBuilder.php(41): Illuminate\\Foundation\\Bootstrap\\HandleExceptions->handleError()
#1 C:\\Users\\krist\\Documents\\PHP\\bosservice-laravel\\vendor\\laravel\\framework\\src\\Illuminate\\Database\\Migrations\\DatabaseMigrationRepository.php(169): Illuminate\\Database\\Schema\\MySqlBuilder->hasTable()
#2 C:\\Users\\krist\\Documents\\PHP\\bosservice-laravel\\vendor\\laravel\\framework\\src\\Illuminate\\Database\\Migrations\\Migrator.php(673): Illuminate\\Database\\Migrations\\DatabaseMigrationRepository->repositoryExists()
#3 C:\\Users\\krist\\Documents\\PHP\\bosservice-laravel\\vendor\\laravel\\framework\\src\\Illuminate\\Database\\Console\\Migrations\\MigrateCommand.php(110): Illuminate\\Database\\Migrations\\Migrator->repositoryExists()
#4 C:\\Users\\krist\\Documents\\PHP\\bosservice-laravel\\vendor\\laravel\\framework\\src\\Illuminate\\Database\\Console\\Migrations\\MigrateCommand.php(78): Illuminate\\Database\\Console\\Migrations\\MigrateCommand->prepareDatabase()
#5 C:\\Users\\krist\\Documents\\PHP\\bosservice-laravel\\vendor\\laravel\\framework\\src\\Illuminate\\Database\\Migrations\\Migrator.php(606): Illuminate\\Database\\Console\\Migrations\\MigrateCommand->Illuminate\\Database\\Console\\Migrations\\{closure}()
#6 C:\\Users\\krist\\Documents\\PHP\\bosservice-laravel\\vendor\\laravel\\framework\\src\\Illuminate\\Database\\Console\\Migrations\\MigrateCommand.php(77): Illuminate\\Database\\Migrations\\Migrator->usingConnection()
#7 C:\\Users\\krist\\Documents\\PHP\\bosservice-laravel\\vendor\\laravel\\framework\\src\\Illuminate\\Container\\BoundMethod.php(36): Illuminate\\Database\\Console\\Migrations\\MigrateCommand->handle()
#8 C:\\Users\\krist\\Documents\\PHP\\bosservice-laravel\\vendor\\laravel\\framework\\src\\Illuminate\\Container\\Util.php(40): Illuminate\\Container\\BoundMethod::Illuminate\\Container\\{closure}()
#9 C:\\Users\\krist\\Documents\\PHP\\bosservice-laravel\\vendor\\laravel\\framework\\src\\Illuminate\\Container\\BoundMethod.php(93): Illuminate\\Container\\Util::unwrapIfClosure()
#10 C:\\Users\\krist\\Documents\\PHP\\bosservice-laravel\\vendor\\laravel\\framework\\src\\Illuminate\\Container\\BoundMethod.php(35): Illuminate\\Container\\BoundMethod::callBoundMethod()
#11 C:\\Users\\krist\\Documents\\PHP\\bosservice-laravel\\vendor\\laravel\\framework\\src\\Illuminate\\Container\\Container.php(653): Illuminate\\Container\\BoundMethod::call()
#12 C:\\Users\\krist\\Documents\\PHP\\bosservice-laravel\\vendor\\laravel\\framework\\src\\Illuminate\\Console\\Command.php(136): Illuminate\\Container\\Container->call()
#13 C:\\Users\\krist\\Documents\\PHP\\bosservice-laravel\\vendor\\symfony\\console\\Command\\Command.php(298): Illuminate\\Console\\Command->execute()
#14 C:\\Users\\krist\\Documents\\PHP\\bosservice-laravel\\vendor\\laravel\\framework\\src\\Illuminate\\Console\\Command.php(120): Symfony\\Component\\Console\\Command\\Command->run()
#15 C:\\Users\\krist\\Documents\\PHP\\bosservice-laravel\\vendor\\symfony\\console\\Application.php(1040): Illuminate\\Console\\Command->run()
#16 C:\\Users\\krist\\Documents\\PHP\\bosservice-laravel\\vendor\\symfony\\console\\Application.php(301): Symfony\\Component\\Console\\Application->doRunCommand()
#17 C:\\Users\\krist\\Documents\\PHP\\bosservice-laravel\\vendor\\symfony\\console\\Application.php(171): Symfony\\Component\\Console\\Application->doRun()
#18 C:\\Users\\krist\\Documents\\PHP\\bosservice-laravel\\vendor\\laravel\\framework\\src\\Illuminate\\Console\\Application.php(94): Symfony\\Component\\Console\\Application->run()
#19 C:\\Users\\krist\\Documents\\PHP\\bosservice-laravel\\vendor\\laravel\\framework\\src\\Illuminate\\Foundation\\Console\\Kernel.php(129): Illuminate\\Console\\Application->run()
#20 C:\\Users\\krist\\Documents\\PHP\\bosservice-laravel\\artisan(11): Illuminate\\Foundation\\Console\\Kernel->handle()
#21 {main}
"} 
[2025-02-20 17:21:47] local.ERROR: SQLSTATE[42S02]: Base table or view not found: 1146 Table 'bosservice.cache' doesn't exist (SQL: delete from `cache`) {"exception":"[object] (Illuminate\\Database\\QueryException(code: 42S02): SQLSTATE[42S02]: Base table or view not found: 1146 Table 'bosservice.cache' doesn't exist (SQL: delete from `cache`) at C:\\Users\\krist\\Documents\\PHP\\bosservice-laravel\\vendor\\laravel\\framework\\src\\Illuminate\\Database\\Connection.php:712)
[stacktrace]
#0 C:\\Users\\krist\\Documents\\PHP\\bosservice-laravel\\vendor\\laravel\\framework\\src\\Illuminate\\Database\\Connection.php(672): Illuminate\\Database\\Connection->runQueryCallback()
#1 C:\\Users\\krist\\Documents\\PHP\\bosservice-laravel\\vendor\\laravel\\framework\\src\\Illuminate\\Database\\Connection.php(514): Illuminate\\Database\\Connection->run()
#2 C:\\Users\\krist\\Documents\\PHP\\bosservice-laravel\\vendor\\laravel\\framework\\src\\Illuminate\\Database\\Connection.php(478): Illuminate\\Database\\Connection->affectingStatement()
#3 C:\\Users\\krist\\Documents\\PHP\\bosservice-laravel\\vendor\\laravel\\framework\\src\\Illuminate\\Database\\Query\\Builder.php(3216): Illuminate\\Database\\Connection->delete()
#4 C:\\Users\\krist\\Documents\\PHP\\bosservice-laravel\\vendor\\laravel\\framework\\src\\Illuminate\\Cache\\DatabaseStore.php(316): Illuminate\\Database\\Query\\Builder->delete()
#5 C:\\Users\\krist\\Documents\\PHP\\bosservice-laravel\\vendor\\laravel\\framework\\src\\Illuminate\\Cache\\Repository.php(674): Illuminate\\Cache\\DatabaseStore->flush()
#6 C:\\Users\\krist\\Documents\\PHP\\bosservice-laravel\\vendor\\laravel\\framework\\src\\Illuminate\\Cache\\Console\\ClearCommand.php(67): Illuminate\\Cache\\Repository->__call()
#7 C:\\Users\\krist\\Documents\\PHP\\bosservice-laravel\\vendor\\laravel\\framework\\src\\Illuminate\\Container\\BoundMethod.php(36): Illuminate\\Cache\\Console\\ClearCommand->handle()
#8 C:\\Users\\krist\\Documents\\PHP\\bosservice-laravel\\vendor\\laravel\\framework\\src\\Illuminate\\Container\\Util.php(40): Illuminate\\Container\\BoundMethod::Illuminate\\Container\\{closure}()
#9 C:\\Users\\krist\\Documents\\PHP\\bosservice-laravel\\vendor\\laravel\\framework\\src\\Illuminate\\Container\\BoundMethod.php(93): Illuminate\\Container\\Util::unwrapIfClosure()
#10 C:\\Users\\krist\\Documents\\PHP\\bosservice-laravel\\vendor\\laravel\\framework\\src\\Illuminate\\Container\\BoundMethod.php(35): Illuminate\\Container\\BoundMethod::callBoundMethod()
#11 C:\\Users\\krist\\Documents\\PHP\\bosservice-laravel\\vendor\\laravel\\framework\\src\\Illuminate\\Container\\Container.php(653): Illuminate\\Container\\BoundMethod::call()
#12 C:\\Users\\krist\\Documents\\PHP\\bosservice-laravel\\vendor\\laravel\\framework\\src\\Illuminate\\Console\\Command.php(136): Illuminate\\Container\\Container->call()
#13 C:\\Users\\krist\\Documents\\PHP\\bosservice-laravel\\vendor\\symfony\\console\\Command\\Command.php(298): Illuminate\\Console\\Command->execute()
#14 C:\\Users\\krist\\Documents\\PHP\\bosservice-laravel\\vendor\\laravel\\framework\\src\\Illuminate\\Console\\Command.php(120): Symfony\\Component\\Console\\Command\\Command->run()
#15 C:\\Users\\krist\\Documents\\PHP\\bosservice-laravel\\vendor\\symfony\\console\\Application.php(1040): Illuminate\\Console\\Command->run()
#16 C:\\Users\\krist\\Documents\\PHP\\bosservice-laravel\\vendor\\symfony\\console\\Application.php(301): Symfony\\Component\\Console\\Application->doRunCommand()
#17 C:\\Users\\krist\\Documents\\PHP\\bosservice-laravel\\vendor\\symfony\\console\\Application.php(171): Symfony\\Component\\Console\\Application->doRun()
#18 C:\\Users\\krist\\Documents\\PHP\\bosservice-laravel\\vendor\\laravel\\framework\\src\\Illuminate\\Console\\Application.php(94): Symfony\\Component\\Console\\Application->run()
#19 C:\\Users\\krist\\Documents\\PHP\\bosservice-laravel\\vendor\\laravel\\framework\\src\\Illuminate\\Foundation\\Console\\Kernel.php(129): Illuminate\\Console\\Application->run()
#20 C:\\Users\\krist\\Documents\\PHP\\bosservice-laravel\\artisan(11): Illuminate\\Foundation\\Console\\Kernel->handle()
#21 {main}

[previous exception] [object] (PDOException(code: 42S02): SQLSTATE[42S02]: Base table or view not found: 1146 Table 'bosservice.cache' doesn't exist at C:\\Users\\krist\\Documents\\PHP\\bosservice-laravel\\vendor\\laravel\\framework\\src\\Illuminate\\Database\\Connection.php:522)
[stacktrace]
#0 C:\\Users\\krist\\Documents\\PHP\\bosservice-laravel\\vendor\\laravel\\framework\\src\\Illuminate\\Database\\Connection.php(522): PDO->prepare()
#1 C:\\Users\\krist\\Documents\\PHP\\bosservice-laravel\\vendor\\laravel\\framework\\src\\Illuminate\\Database\\Connection.php(705): Illuminate\\Database\\Connection->Illuminate\\Database\\{closure}()
#2 C:\\Users\\krist\\Documents\\PHP\\bosservice-laravel\\vendor\\laravel\\framework\\src\\Illuminate\\Database\\Connection.php(672): Illuminate\\Database\\Connection->runQueryCallback()
#3 C:\\Users\\krist\\Documents\\PHP\\bosservice-laravel\\vendor\\laravel\\framework\\src\\Illuminate\\Database\\Connection.php(514): Illuminate\\Database\\Connection->run()
#4 C:\\Users\\krist\\Documents\\PHP\\bosservice-laravel\\vendor\\laravel\\framework\\src\\Illuminate\\Database\\Connection.php(478): Illuminate\\Database\\Connection->affectingStatement()
#5 C:\\Users\\krist\\Documents\\PHP\\bosservice-laravel\\vendor\\laravel\\framework\\src\\Illuminate\\Database\\Query\\Builder.php(3216): Illuminate\\Database\\Connection->delete()
#6 C:\\Users\\krist\\Documents\\PHP\\bosservice-laravel\\vendor\\laravel\\framework\\src\\Illuminate\\Cache\\DatabaseStore.php(316): Illuminate\\Database\\Query\\Builder->delete()
#7 C:\\Users\\krist\\Documents\\PHP\\bosservice-laravel\\vendor\\laravel\\framework\\src\\Illuminate\\Cache\\Repository.php(674): Illuminate\\Cache\\DatabaseStore->flush()
#8 C:\\Users\\krist\\Documents\\PHP\\bosservice-laravel\\vendor\\laravel\\framework\\src\\Illuminate\\Cache\\Console\\ClearCommand.php(67): Illuminate\\Cache\\Repository->__call()
#9 C:\\Users\\krist\\Documents\\PHP\\bosservice-laravel\\vendor\\laravel\\framework\\src\\Illuminate\\Container\\BoundMethod.php(36): Illuminate\\Cache\\Console\\ClearCommand->handle()
#10 C:\\Users\\krist\\Documents\\PHP\\bosservice-laravel\\vendor\\laravel\\framework\\src\\Illuminate\\Container\\Util.php(40): Illuminate\\Container\\BoundMethod::Illuminate\\Container\\{closure}()
#11 C:\\Users\\krist\\Documents\\PHP\\bosservice-laravel\\vendor\\laravel\\framework\\src\\Illuminate\\Container\\BoundMethod.php(93): Illuminate\\Container\\Util::unwrapIfClosure()
#12 C:\\Users\\krist\\Documents\\PHP\\bosservice-laravel\\vendor\\laravel\\framework\\src\\Illuminate\\Container\\BoundMethod.php(35): Illuminate\\Container\\BoundMethod::callBoundMethod()
#13 C:\\Users\\krist\\Documents\\PHP\\bosservice-laravel\\vendor\\laravel\\framework\\src\\Illuminate\\Container\\Container.php(653): Illuminate\\Container\\BoundMethod::call()
#14 C:\\Users\\krist\\Documents\\PHP\\bosservice-laravel\\vendor\\laravel\\framework\\src\\Illuminate\\Console\\Command.php(136): Illuminate\\Container\\Container->call()
#15 C:\\Users\\krist\\Documents\\PHP\\bosservice-laravel\\vendor\\symfony\\console\\Command\\Command.php(298): Illuminate\\Console\\Command->execute()
#16 C:\\Users\\krist\\Documents\\PHP\\bosservice-laravel\\vendor\\laravel\\framework\\src\\Illuminate\\Console\\Command.php(120): Symfony\\Component\\Console\\Command\\Command->run()
#17 C:\\Users\\krist\\Documents\\PHP\\bosservice-laravel\\vendor\\symfony\\console\\Application.php(1040): Illuminate\\Console\\Command->run()
#18 C:\\Users\\krist\\Documents\\PHP\\bosservice-laravel\\vendor\\symfony\\console\\Application.php(301): Symfony\\Component\\Console\\Application->doRunCommand()
#19 C:\\Users\\krist\\Documents\\PHP\\bosservice-laravel\\vendor\\symfony\\console\\Application.php(171): Symfony\\Component\\Console\\Application->doRun()
#20 C:\\Users\\krist\\Documents\\PHP\\bosservice-laravel\\vendor\\laravel\\framework\\src\\Illuminate\\Console\\Application.php(94): Symfony\\Component\\Console\\Application->run()
#21 C:\\Users\\krist\\Documents\\PHP\\bosservice-laravel\\vendor\\laravel\\framework\\src\\Illuminate\\Foundation\\Console\\Kernel.php(129): Illuminate\\Console\\Application->run()
#22 C:\\Users\\krist\\Documents\\PHP\\bosservice-laravel\\artisan(11): Illuminate\\Foundation\\Console\\Kernel->handle()
#23 {main}
"} 
